pixel_id,row,col,lat,lon,region,dominant_pft,pft_purity,pft_entropy,mean_lai,amplitude,is_forced_anchor,frac_TREES_NE,frac_TREES_BD,frac_TREES_BE,frac_TREES_ND,frac_SHRUBS_NE,frac_SHRUBS_BE,frac_SHRUBS_BD,frac_SHRUBS_ND,frac_GRASS_NAT,frac_GRASS_MAN
evergreen,453,1016,30.525,-82.43333330000002,Southeast,TREES_NE,0.949999988079071,0.19851526618003845,3.770237922668457,2.389446258544922,True,0.949999988079071,0.0,0.0,0.0,0.0,0.0,0.0,0.0,0.05000000074505806,0.0
low_amplitude,285,173,37.525000000000006,-117.55833330000002,California,GRASS_NAT,0.8399999737739563,0.4396699070930481,0.3085876703262329,0.17724105715751648,True,0.1599999964237213,0.0,0.0,0.0,0.0,0.0,0.0,0.0,0.8399999737739563,0.0
high_amplitude_deciduous,316,967,36.233333333333334,-84.47499996666667,Southeast,TREES_BD,0.8899999856948853,0.34651532769203186,2.629809856414795,4.5430006980896,True,0.0,0.8899999856948853,0.0,0.0,0.0,0.0,0.0,0.0,0.10999999940395355,0.0
mixed_forest_grass,217,855,40.35833333333334,-89.14166663333334,Midwest,TREES_BD,0.5,0.6931471824645996,1.0217342376708984,2.970787286758423,True,0.0,0.5,0.0,0.0,0.0,0.0,0.0,0.0,0.5,0.0
px004_trees_ne,10,78,48.983333333333334,-121.51666663333334,Pacific Northwest,TREES_NE,1.0,2.486791883526962e-10,1.1639050245285034,2.052614688873291,True,1.0,0.0,0.0,0.0,0.0,0.0,0.0,0.0,0.0,0.0
px005_trees_bd,8,681,49.06666666666667,-96.39166663333334,Great Plains,TREES_BD,1.0,2.486791883526962e-10,0.9605302810668945,2.57259464263916,True,0.0,1.0,0.0,0.0,0.0,0.0,0.0,0.0,0.0,0.0
px006_trees_nd,20,713,48.56666666666667,-95.05833330000002,Great Plains,TREES_ND,1.0,2.486791883526962e-10,1.5643877983093262,2.8260226249694824,True,0.0,0.0,0.0,1.0,0.0,0.0,0.0,0.0,0.0,0.0
px007_shrubs_ne,375,606,33.775000000000006,-99.51666663333334,Great Plains,SHRUBS_NE,1.0,2.486791883526962e-10,0.5828433632850647,0.4848223328590393,True,0.0,0.0,0.0,0.0,1.0,0.0,0.0,0.0,0.0,0.0
px008_shrubs_bd,464,595,30.066666666666666,-99.97499996666667,Great Plains,SHRUBS_BD,0.9700000286102295,0.1347421407699585,0.6287510991096497,0.400793194770813,True,0.0,0.0,0.0,0.0,0.0,0.0,0.9700000286102295,0.0,0.029999999329447746,0.0
px009_shrubs_nd,500,636,28.566666666666666,-98.26666663333334,Other,SHRUBS_ND,1.0,2.486791883526962e-10,1.0013527870178223,0.9013209939002991,True,0.0,0.0,0.0,0.0,0.0,0.0,0.0,1.0,0.0,0.0
px010_grass_nat,1,710,49.358333333333334,-95.18333330000002,Great Plains,GRASS_NAT,1.0,2.486791883526962e-10,1.4390331506729126,2.8876280784606934,True,0.0,0.0,0.0,0.0,0.0,0.0,0.0,0.0,1.0,0.0
px011_grass_man,8,49,49.06666666666667,-122.72499996666667,Pacific Northwest,GRASS_MAN,1.0,2.486791883526962e-10,1.1710823774337769,1.2681143283843994,True,0.0,0.0,0.0,0.0,0.0,0.0,0.0,0.0,0.0,1.0
px012_trees_nd,59,125,46.94166666666667,-119.55833330000002,Pacific Northwest,TREES_ND,0.5,0.6931471824645996,1.05552077293396,1.769929051399231,False,0.0,0.0,0.0,0.5,0.0,0.0,0.0,0.0,0.0,0.5
px013_grass_man,27,614,48.275000000000006,-99.18333330000002,Great Plains,GRASS_MAN,0.5099999904632568,0.6929471492767334,0.6157939434051514,2.1644034385681152,False,0.49000000953674316,0.0,0.0,0.0,0.0,0.0,0.0,0.0,0.0,0.5099999904632568
px014_grass_man,12,700,48.900000000000006,-95.59999996666667,Great Plains,GRASS_MAN,0.5199999809265137,0.6923469305038452,1.008085012435913,2.6067028045654297,False,0.0,0.47999998927116394,0.0,0.0,0.0,0.0,0.0,0.0,0.0,0.5199999809265137
px015_shrubs_nd,378,331,33.650000000000006,-110.97499996666667,Southwest,SHRUBS_ND,0.47999998927116394,0.9469139575958252,0.3002781867980957,0.19362293183803558,False,0.0,0.0,0.0,0.10000000149011612,0.0,0.0,0.0,0.47999998927116394,0.41999998688697815,0.0
px016_shrubs_ne,379,589,33.608333333333334,-100.22499996666667,Great Plains,SHRUBS_NE,0.5299999713897705,0.6913461089134216,0.5793080925941467,0.505025327205658,False,0.0,0.0,0.0,0.0,0.5299999713897705,0.0,0.0,0.0,0.4699999988079071,0.0
px017_grass_man,397,564,32.858333333333334,-101.26666663333334,Great Plains,GRASS_MAN,0.532608687877655,0.6910190582275391,0.5146677494049072,0.48690804839134216,False,0.0,0.0,0.0,0.0,0.0,0.0,0.0,0.0,0.46739131212234497,0.532608687877655
px018_trees_nd,168,775,42.400000000000006,-92.47499996666667,Midwest,TREES_ND,0.5400000214576721,0.6899437308311462,0.819801926612854,2.598552703857422,False,0.0,0.0,0.0,0.5400000214576721,0.0,0.0,0.0,0.0,0.46000000834465027,0.0
px019_shrubs_bd,392,631,33.06666666666667,-98.47499996666667,Great Plains,SHRUBS_BD,0.5099999904632568,0.6929471492767334,0.9481754899024963,1.1375041007995605,False,0.0,0.0,0.0,0.0,0.0,0.0,0.5099999904632568,0.0,0.49000000953674316,0.0
px020_trees_ne,28,197,48.233333333333334,-116.55833330000002,Northern Rockies / Great Basin,TREES_NE,0.5555555820465088,0.6869615316390991,1.2906451225280762,2.0628671646118164,False,0.5555555820465088,0.0,0.0,0.0,0.0,0.0,0.0,0.0,0.444444477558136,0.0
px021_grass_nat,135,305,43.775000000000006,-112.05833330000002,Northern Rockies / Great Basin,GRASS_NAT,0.5600000023841858,0.6859297752380371,0.43992161750793457,0.9491720199584961,False,0.0,0.0,0.4399999976158142,0.0,0.0,0.0,0.0,0.0,0.5600000023841858,0.0
px022_grass_nat,192,760,41.400000000000006,-93.09999996666667,Midwest,GRASS_NAT,0.6172839403152466,0.9304575324058533,0.8195623755455017,1.976078748703003,False,0.0,0.18518519401550293,0.0,0.0,0.0,0.0,0.1975308656692505,0.0,0.6172839403152466,0.0
px023_shrubs_ne,9,159,49.025000000000006,-118.14166663333334,Pacific Northwest,SHRUBS_NE,0.6899999976158142,0.8338149785995483,1.4117010831832886,2.152909755706787,False,0.15000000596046448,0.0,0.0,0.0,0.6899999976158142,0.0,0.0,0.0,0.1599999964237213,0.0
px024_shrubs_bd,425,624,31.691666666666666,-98.76666663333334,Great Plains,SHRUBS_BD,0.6600000262260437,0.8743470907211304,0.8680898547172546,0.9002259373664856,False,0.0,0.15000000596046448,0.0,0.0,0.0,0.0,0.6600000262260437,0.0,0.1899999976158142,0.0
px025_grass_nat,566,1065,25.816666666666666,-80.39166663333334,Southeast,GRASS_NAT,0.6419753432273865,0.8985178470611572,0.49066534638404846,0.17410215735435486,False,0.0,0.0,0.0,0.16049383580684662,0.0,0.0,0.0,0.19753088057041168,0.6419753432273865,0.0
px026_trees_nd,72,112,46.400000000000006,-120.09999996666667,Pacific Northwest,TREES_ND,0.75,0.5623351335525513,0.9077475666999817,1.1934019327163696,False,0.0,0.0,0.0,0.75,0.0,0.0,0.0,0.0,0.0,0.25
px027_grass_man,545,1059,26.691666666666666,-80.64166663333334,Southeast,GRASS_MAN,0.75,0.5623351335525513,1.105394721031189,1.0244004726409912,False,0.0,0.0,0.0,0.25,0.0,0.0,0.0,0.0,0.0,0.75
px028_grass_nat,456,869,30.4,-88.55833330000002,Southeast,GRASS_NAT,0.5813953280448914,0.9641510844230652,0.5690624713897705,0.5825129747390747,False,0.1744186133146286,0.0,0.0,0.0,0.24418602883815765,0.0,0.0,0.0,0.5813953280448914,0.0
px029_grass_man,114,894,44.650000000000006,-87.51666663333334,Midwest,GRASS_MAN,0.49000000953674316,1.0463541746139526,1.2041237354278564,2.675903797149658,False,0.0,0.0,0.0,0.25999999046325684,0.0,0.0,0.0,0.0,0.25,0.49000000953674316
px030_grass_man,96,61,45.400000000000006,-122.22499996666667,Pacific Northwest,GRASS_MAN,0.49000000953674316,1.0463541746139526,2.4013619422912598,2.8335490226745605,False,0.25999999046325684,0.0,0.0,0.0,0.0,0.0,0.0,0.0,0.25,0.49000000953674316
px031_trees_bd,68,853,46.56666666666667,-89.22499996666667,Midwest,TREES_BD,0.7200000286102295,0.5929533243179321,1.6476056575775146,3.972224712371826,False,0.0,0.7200000286102295,0.0,0.0,0.0,0.0,0.0,0.0,0.0,0.2800000011920929
px032_grass_man,26,674,48.31666666666667,-96.68333330000002,Great Plains,GRASS_MAN,0.7599999904632568,0.5510799288749695,0.7316640019416809,2.5837621688842773,False,0.0,0.23999999463558197,0.0,0.0,0.0,0.0,0.0,0.0,0.0,0.7599999904632568
px033_trees_ne,60,1359,46.900000000000006,-68.14166663333334,Northeast,TREES_NE,0.7300000190734863,0.583258867263794,1.5358939170837402,3.4954416751861572,False,0.7300000190734863,0.0,0.0,0.0,0.0,0.0,0.0,0.0,0.0,0.27000001072883606
px034_grass_man,108,34,44.900000000000006,-123.34999996666667,Pacific Northwest,GRASS_MAN,0.7599999904632568,0.5510799288749695,1.9747271537780762,2.1771655082702637,False,0.23999999463558197,0.0,0.0,0.0,0.0,0.0,0.0,0.0,0.0,0.7599999904632568
px035_shrubs_nd,490,606,28.983333333333334,-99.51666663333334,Other,SHRUBS_ND,0.7599999904632568,0.5510799288749695,0.9637537002563477,0.7724703550338745,False,0.0,0.0,0.0,0.0,0.0,0.0,0.0,0.7599999904632568,0.23999999463558197,0.0
px036_grass_man,62,867,46.81666666666667,-88.64166663333334,Midwest,GRASS_MAN,0.49000000953674316,1.0463541746139526,1.4568779468536377,3.510629415512085,False,0.0,0.25999999046325684,0.0,0.0,0.0,0.0,0.0,0.0,0.25,0.49000000953674316
px037_trees_nd,21,732,48.525000000000006,-94.26666663333334,Great Plains,TREES_ND,0.7699999809265137,0.5392763614654541,1.4972206354141235,2.854330539703369,False,0.0,0.0,0.0,0.7699999809265137,0.0,0.0,0.0,0.0,0.23000000417232513,0.0
px038_grass_nat,136,1318,43.733333333333334,-69.84999996666667,Northeast,GRASS_NAT,0.6419753432273865,0.6522731781005859,1.1375247240066528,1.8949753046035767,False,0.3580247163772583,0.0,0.0,0.0,0.0,0.0,0.0,0.0,0.6419753432273865,0.0
px039_trees_ne,176,1298,42.06666666666667,-70.68333330000002,Northeast,TREES_NE,0.7525773048400879,0.559485912322998,1.75141441822052,2.6584858894348145,False,0.7525773048400879,0.0,0.0,0.0,0.0,0.0,0.0,0.0,0.24742266535758972,0.0
px040_trees_bd,215,781,40.44166666666667,-92.22499996666667,Midwest,TREES_BD,0.6969696879386902,0.6134100556373596,0.8712857961654663,1.6720006465911865,False,0.0,0.6969696879386902,0.0,0.0,0.0,0.0,0.0,0.0,0.3030303120613098,0.0
px041_grass_nat,158,195,42.81666666666667,-116.64166663333334,Northern Rockies / Great Basin,GRASS_NAT,0.785714328289032,0.5195798277854919,0.33214694261550903,0.5156483054161072,False,0.0,0.0,0.0,0.0,0.2142857164144516,0.0,0.0,0.0,0.785714328289032,0.0
px042_grass_nat,44,757,47.56666666666667,-93.22499996666667,Midwest,GRASS_NAT,0.6499999761581421,0.6474466323852539,1.547654151916504,4.017661094665527,False,0.0,0.0,0.0,0.3499999940395355,0.0,0.0,0.0,0.0,0.6499999761581421,0.0
px043_grass_nat,35,704,47.94166666666667,-95.43333330000002,Great Plains,GRASS_NAT,0.7900000214576721,0.5139566659927368,1.1914440393447876,3.4206113815307617,False,0.0,0.20999999344348907,0.0,0.0,0.0,0.0,0.0,0.0,0.7900000214576721,0.0
px044_grass_nat,193,1275,41.35833333333334,-71.64166663333334,Northeast,GRASS_NAT,0.800000011920929,0.5004023909568787,1.7552204132080078,2.683652877807617,False,0.0,0.0,0.0,0.0,0.0,0.0,0.20000000298023224,0.0,0.800000011920929,0.0
px045_grass_nat,448,596,30.733333333333334,-99.93333330000002,Great Plains,GRASS_NAT,0.6200000047683716,0.6640641093254089,0.6709376573562622,0.4413083791732788,False,0.0,0.0,0.0,0.0,0.0,0.0,0.0,0.3799999952316284,0.6200000047683716,0.0
px046_grass_nat,538,609,26.983333333333334,-99.39166663333334,Other,GRASS_NAT,0.8202247619628906,0.47105252742767334,0.7258274555206299,0.5832884311676025,False,0.0,0.0,0.0,0.17977528274059296,0.0,0.0,0.0,0.0,0.8202247619628906,0.0
px047_grass_nat,369,300,34.025000000000006,-112.26666663333334,Southwest,GRASS_NAT,0.8199999928474426,0.47139349579811096,0.30922114849090576,0.15196651220321655,False,0.0,0.0,0.0,0.0,0.0,0.0,0.0,0.18000000715255737,0.8199999928474426,0.0
px048_grass_nat,114,181,44.650000000000006,-117.22499996666667,Pacific Northwest,GRASS_NAT,0.6299999952316284,0.6589556932449341,0.4953233301639557,0.9624691009521484,False,0.0,0.0,0.0,0.0,0.3700000047683716,0.0,0.0,0.0,0.6299999952316284,0.0
px049_grass_nat,453,615,30.525,-99.14166663333334,Great Plains,GRASS_NAT,0.6399999856948853,0.6991131901741028,0.857157289981842,0.6981481909751892,False,0.0,0.009999999776482582,0.0,0.0,0.0,0.0,0.3499999940395355,0.0,0.6399999856948853,0.0
px050_shrubs_ne,337,299,35.358333333333334,-112.30833330000002,Southwest,SHRUBS_NE,0.6800000071525574,0.6268694400787354,0.402884840965271,0.3473305404186249,False,0.0,0.0,0.0,0.0,0.6800000071525574,0.0,0.0,0.0,0.3199999928474426,0.0
px051_shrubs_ne,10,110,48.983333333333334,-120.18333330000002,Pacific Northwest,SHRUBS_NE,0.5300000309944153,0.9856724739074707,0.7407988905906677,1.1162701845169067,False,0.15000002086162567,0.0,0.0,0.0,0.5300000309944153,0.0,0.0,0.0,0.320000022649765,0.0
px052_shrubs_bd,114,982,44.650000000000006,-83.84999996666667,Midwest,SHRUBS_BD,0.5099999904632568,0.9947689771652222,1.8202269077301025,3.7454440593719482,False,0.0,0.15000000596046448,0.0,0.0,0.0,0.0,0.5099999904632568,0.0,0.3400000035762787,0.0
px053_shrubs_ne,179,70,41.94166666666667,-121.84999996666667,California,SHRUBS_NE,0.8500000238418579,0.42270907759666443,0.6150462031364441,0.9481567144393921,False,0.0,0.0,0.0,0.0,0.8500000238418579,0.0,0.0,0.0,0.15000000596046448,0.0
px054_shrubs_ne,380,173,33.56666666666667,-117.55833330000002,California,SHRUBS_NE,0.8500000238418579,0.42270907759666443,0.6313030123710632,0.5902872681617737,False,0.15000000596046448,0.0,0.0,0.0,0.8500000238418579,0.0,0.0,0.0,0.0,0.0
px055_shrubs_bd,414,592,32.150000000000006,-100.09999996666667,Great Plains,SHRUBS_BD,0.8100000023841858,0.48622292280197144,0.6588829755783081,0.6250827312469482,False,0.0,0.0,0.0,0.0,0.0,0.0,0.8100000023841858,0.0,0.1899999976158142,0.0
px056_shrubs_nd,499,618,28.608333333333334,-99.01666663333334,Other,SHRUBS_ND,0.6100000143051147,0.9285967350006104,0.9679459929466248,0.8049377202987671,False,0.0,0.0,0.0,0.15000000596046448,0.0,0.0,0.0,0.6100000143051147,0.23999999463558197,0.0
px057_shrubs_nd,398,186,32.81666666666667,-117.01666663333334,California,SHRUBS_ND,0.8400000333786011,0.5168823003768921,0.36693015694618225,0.4132041335105896,False,0.0,0.0,0.0,0.1300000101327896,0.0,0.0,0.0,0.8400000333786011,0.030000001192092896,0.0
px058_grass_nat,321,936,36.025000000000006,-85.76666663333334,Southeast,GRASS_NAT,0.644444465637207,0.6508179903030396,1.9226245880126953,2.9267919063568115,False,0.0,0.35555556416511536,0.0,0.0,0.0,0.0,0.0,0.0,0.644444465637207,0.0
px059_shrubs_bd,454,633,30.483333333333334,-98.39166663333334,Great Plains,SHRUBS_BD,0.6700000166893005,0.634178638458252,0.821094810962677,0.6984994411468506,False,0.0,0.0,0.0,0.0,0.0,0.0,0.6700000166893005,0.0,0.33000001311302185,0.0
px060_grass_nat,110,958,44.81666666666667,-84.84999996666667,Midwest,GRASS_NAT,0.47999998927116394,1.0047465562820435,1.631752371788025,3.9132981300354004,False,0.0,0.15000000596046448,0.0,0.0,0.0,0.0,0.3700000047683716,0.0,0.47999998927116394,0.0
px061_grass_nat,125,170,44.19166666666667,-117.68333330000002,Pacific Northwest,GRASS_NAT,0.46000000834465027,0.9989753365516663,0.31129056215286255,0.6492084860801697,False,0.14000000059604645,0.0,0.0,0.0,0.4000000059604645,0.0,0.0,0.0,0.46000000834465027,0.0
px062_shrubs_nd,523,611,27.608333333333334,-99.30833330000002,Other,SHRUBS_ND,0.6299999952316284,0.6589556932449341,0.7418688535690308,0.47781944274902344,False,0.0,0.0,0.0,0.0,0.0,0.0,0.0,0.6299999952316284,0.3700000047683716,0.0
px063_trees_bd,13,647,48.858333333333334,-97.80833330000002,Great Plains,TREES_BD,0.8500000238418579,0.42270907759666443,0.889991283416748,2.7185447216033936,False,0.0,0.8500000238418579,0.0,0.0,0.0,0.0,0.0,0.0,0.0,0.15000000596046448
px064_shrubs_bd,478,614,29.483333333333334,-99.18333330000002,Other,SHRUBS_BD,0.8600000143051147,0.40496349334716797,1.0667766332626343,0.8265373706817627,False,0.0,0.14000000059604645,0.0,0.0,0.0,0.0,0.8600000143051147,0.0,0.0,0.0
px065_trees_ne,74,134,46.31666666666667,-119.18333330000002,Pacific Northwest,TREES_NE,0.8600000143051147,0.40496349334716797,1.0566209554672241,1.7703280448913574,False,0.8600000143051147,0.0,0.0,0.0,0.0,0.0,0.0,0.0,0.0,0.14000000059604645
px066_grass_man,111,209,44.775000000000006,-116.05833330000002,Northern Rockies / Great Basin,GRASS_MAN,0.6399999856948853,0.653418242931366,0.867656409740448,1.7845593690872192,False,0.36000001430511475,0.0,0.0,0.0,0.0,0.0,0.0,0.0,0.0,0.6399999856948853
px067_grass_man,12,576,48.900000000000006,-100.76666663333334,Great Plains,GRASS_MAN,0.8799999952316284,0.3669250011444092,0.7218002676963806,2.9611449241638184,False,0.11999999731779099,0.0,0.0,0.0,0.0,0.0,0.0,0.0,0.0,0.8799999952316284
px068_trees_nd,28,59,48.233333333333334,-122.30833330000002,Pacific Northwest,TREES_ND,0.8700000047683716,0.3863867223262787,1.2840161323547363,1.585558295249939,False,0.0,0.0,0.0,0.8700000047683716,0.0,0.0,0.0,0.0,0.0,0.12999999523162842
px069_trees_bd,37,656,47.858333333333334,-97.43333330000002,Great Plains,TREES_BD,0.6000000238418579,0.6730116605758667,0.771152675151825,2.6236555576324463,False,0.0,0.6000000238418579,0.0,0.0,0.0,0.0,0.0,0.0,0.0,0.4000000059604645
