RMSE,MAE,MAPE,R2,Pearson_r,pixel_id,condition,experiment,dominant_pft,pft_purity,pft_entropy
0.4849752981432197,0.4259299013349745,14.023496186035024,0.8322175540562458,0.9301318439700446,evergreen,baseline,expA_temporal,TREES_NE,0.949999988079071,0.1985152661800384
0.0579882508028149,0.0396103440059555,17.942830481804776,0.5416800245667399,0.7595571422709256,low_amplitude,baseline,expA_temporal,GRASS_NAT,0.8399999737739563,0.4396699070930481
0.3721988135051191,0.2459115611182318,14.142672449192572,0.9653603433099122,0.9835379971719724,high_amplitude_deciduous,baseline,expA_temporal,TREES_BD,0.8899999856948853,0.3465153276920318
0.3258698328784876,0.1736694660451677,23.00693410896396,0.933212209317868,0.9705504377580432,mixed_forest_grass,baseline,expA_temporal,TREES_BD,0.5,0.6931471824645996
0.321683285981233,0.2216112501091427,30.4239716635112,0.8268527322712884,0.9183946245603896,px004_trees_ne,baseline,expA_temporal,TREES_NE,1.0,2.486791883526962e-10
0.2923393971942838,0.2197760606805483,52.37099736891406,0.905340532829625,0.9518463739298344,px005_trees_bd,baseline,expA_temporal,TREES_BD,1.0,2.486791883526962e-10
0.2856933101192535,0.217736311091317,22.858841294592,0.9431738367804686,0.9761244358752508,px006_trees_nd,baseline,expA_temporal,TREES_ND,1.0,2.486791883526962e-10
0.0362741231991371,0.0284482578436533,6.0205765205607005,0.908282741817374,0.9584493045955796,px007_shrubs_ne,baseline,expA_temporal,SHRUBS_NE,1.0,2.486791883526962e-10
0.1170893557116822,0.0942019893063439,15.421251309717782,0.17985251717463,0.722745434863612,px008_shrubs_bd,baseline,expA_temporal,SHRUBS_BD,0.9700000286102296,0.1347421407699585
0.2152708522722349,0.1780427277088165,27.072941613424984,0.3664995723564829,0.8671387905805564,px009_shrubs_nd,baseline,expA_temporal,SHRUBS_ND,1.0,2.486791883526962e-10
0.3795721938795528,0.3043806983364953,34.58417062065125,0.8975693050834983,0.949616756957463,px010_grass_nat,baseline,expA_temporal,GRASS_NAT,1.0,2.486791883526962e-10
0.2965344283984645,0.1895037353038788,18.50107451093997,0.5349989235023477,0.77833163340005,px011_grass_man,baseline,expA_temporal,GRASS_MAN,1.0,2.486791883526962e-10
0.1541727057107924,0.1249004550278186,40.398153650184845,0.9525199663481244,0.9763228976032582,px012_trees_nd,baseline,expA_temporal,TREES_ND,0.5,0.6931471824645996
0.2276357319781685,0.1490902271535661,42.79094748430746,0.926570518939244,0.9660380066288315,px013_grass_man,baseline,expA_temporal,GRASS_MAN,0.5099999904632568,0.6929471492767334
0.2392001131715366,0.1580116192913717,68.93323575585819,0.9501177493782564,0.9768040804455526,px014_grass_man,baseline,expA_temporal,GRASS_MAN,0.5199999809265137,0.6923469305038452
0.0691672425085315,0.0590880297952228,26.23126238020372,0.2970853251387649,0.6103483935785732,px015_shrubs_nd,baseline,expA_temporal,SHRUBS_ND,0.4799999892711639,0.9469139575958252
0.0522188274175404,0.045933543311225,9.988738718825331,0.7925945446587042,0.8944008692555242,px016_shrubs_ne,baseline,expA_temporal,SHRUBS_NE,0.5299999713897705,0.6913461089134216
0.1000090375542538,0.0781144589185714,19.54998344879357,0.4754802481935516,0.6996187125305348,px017_grass_man,baseline,expA_temporal,GRASS_MAN,0.532608687877655,0.6910190582275391
0.3244116209498711,0.2062260180711746,25.022081089596405,0.9100508535213124,0.956061871598426,px018_trees_nd,baseline,expA_temporal,TREES_ND,0.5400000214576721,0.6899437308311462
0.1724162131558017,0.1190566890769534,10.455929672659313,0.8311838549408023,0.9787459857572294,px019_shrubs_bd,baseline,expA_temporal,SHRUBS_BD,0.5099999904632568,0.6929471492767334
0.2263265189749173,0.1698031379116906,24.902037650594107,0.903619841092313,0.9714166706300787,px020_trees_ne,baseline,expA_temporal,TREES_NE,0.5555555820465088,0.6869615316390991
0.0974950340828971,0.0700335183077388,19.60601167052961,0.9077044703010096,0.9538187940543102,px021_grass_nat,baseline,expA_temporal,GRASS_NAT,0.5600000023841858,0.6859297752380371
0.1482719780403393,0.1130480522082911,33.14480660715197,0.9648798567607494,0.983799560617954,px022_grass_nat,baseline,expA_temporal,GRASS_NAT,0.6172839403152466,0.9304575324058532
0.3398093605877191,0.2548140135076311,31.492727820800265,0.7677654276594635,0.9541123485553832,px023_shrubs_ne,baseline,expA_temporal,SHRUBS_NE,0.6899999976158142,0.8338149785995483
0.1061564215010593,0.0780798885557386,11.309585669254906,0.7089755721285109,0.891603669219748,px024_shrubs_bd,baseline,expA_temporal,SHRUBS_BD,0.6600000262260437,0.8743470907211304
0.0656910873920515,0.0522467275460561,11.562059564939734,0.3935082297538558,0.7047914521327543,px025_grass_nat,baseline,expA_temporal,GRASS_NAT,0.6419753432273865,0.8985178470611572
0.1079049640342544,0.0900147659911049,11.885296285403484,0.9479485944531691,0.981856774892609,px026_trees_nd,baseline,expA_temporal,TREES_ND,0.75,0.5623351335525513
0.151337414000036,0.1102395196755727,13.812511880958764,0.8361180813087761,0.943975053670158,px027_grass_man,baseline,expA_temporal,GRASS_MAN,0.75,0.5623351335525513
0.1880260851185845,0.151791465944714,57.92985780637141,0.4624167439661291,0.7077794940927686,px028_grass_nat,baseline,expA_temporal,GRASS_NAT,0.5813953280448914,0.9641510844230652
0.2414080261963776,0.1755062952637672,22.763428125814,0.9500261604521052,0.9754548403014872,px029_grass_man,baseline,expA_temporal,GRASS_MAN,0.4900000095367431,1.0463541746139526
0.6201539152149065,0.4668170306417677,31.074436912508496,0.688589833812095,0.8421631918437541,px030_grass_man,baseline,expA_temporal,GRASS_MAN,0.4900000095367431,1.0463541746139526
0.3214053990041965,0.2494502531985442,91.74287896281066,0.965064199883504,0.9838768710662926,px031_trees_bd,baseline,expA_temporal,TREES_BD,0.7200000286102295,0.5929533243179321
0.364820814474582,0.2454878743324015,64.41071916413222,0.8792125963658586,0.9466527993483926,px032_grass_man,baseline,expA_temporal,GRASS_MAN,0.7599999904632568,0.5510799288749695
0.1596599109002635,0.1120421800348493,14.23987353234338,0.9870927083213116,0.9938583270246945,px033_trees_ne,baseline,expA_temporal,TREES_NE,0.7300000190734863,0.583258867263794
0.4227144909826313,0.3169101993242899,17.17449717687322,0.6303700707736581,0.8457498079134715,px034_grass_man,baseline,expA_temporal,GRASS_MAN,0.7599999904632568,0.5510799288749695
0.1699956416171294,0.139514234330919,22.604658034549686,0.5342706384852433,0.7963811573242308,px035_shrubs_nd,baseline,expA_temporal,SHRUBS_ND,0.7599999904632568,0.5510799288749695
0.3033576631539076,0.230857722999321,84.06133193234115,0.9632775339149444,0.9887707884627496,px036_grass_man,baseline,expA_temporal,GRASS_MAN,0.4900000095367431,1.0463541746139526
0.2619932335090694,0.19570741587215,34.63976507262805,0.9530476379886804,0.980843748537538,px037_trees_nd,baseline,expA_temporal,TREES_ND,0.7699999809265137,0.5392763614654541
0.2329159650169206,0.1850197103288438,22.06708271210694,0.9102430787034124,0.9561004716047314,px038_grass_nat,baseline,expA_temporal,GRASS_NAT,0.6419753432273865,0.6522731781005859
0.2543775874120183,0.1821390297677781,14.19846758416731,0.9446805930568648,0.9729462570468266,px039_trees_ne,baseline,expA_temporal,TREES_NE,0.7525773048400879,0.559485912322998
0.1436228003416441,0.1065678826636738,18.29069048437689,0.9537946700190716,0.9823003385893224,px040_trees_bd,baseline,expA_temporal,TREES_BD,0.6969696879386902,0.6134100556373596
0.0580217407228792,0.0443824253769384,53.73177657143761,0.927610989545553,0.9807690073565992,px041_grass_nat,baseline,expA_temporal,GRASS_NAT,0.785714328289032,0.5195798277854919
0.3502004542922876,0.2488070612152417,42.1597686678188,0.9571510193913207,0.9821113261111616,px042_grass_nat,baseline,expA_temporal,GRASS_NAT,0.6499999761581421,0.6474466323852539
0.2102498676175375,0.1451698667059342,40.7949862809486,0.972519678614319,0.9886298518327225,px043_grass_nat,baseline,expA_temporal,GRASS_NAT,0.7900000214576721,0.5139566659927368
0.2738395288099793,0.2094520118501451,12.553087644115244,0.9403828161201224,0.9698494558438248,px044_grass_nat,baseline,expA_temporal,GRASS_NAT,0.800000011920929,0.5004023909568787
0.1117053183022304,0.0859864910443623,18.81879149754782,-0.7235426292205627,0.7353404253699508,px045_grass_nat,baseline,expA_temporal,GRASS_NAT,0.6200000047683716,0.6640641093254089
0.0727060350668177,0.0609376238452063,12.006877980834108,0.8223820373728303,0.9557059056491326,px046_grass_nat,baseline,expA_temporal,GRASS_NAT,0.8202247619628906,0.4710525274276733
0.1059242327297363,0.0866499505109257,56.21914372820457,-0.3475778734163273,0.1416250540463073,px047_grass_nat,baseline,expA_temporal,GRASS_NAT,0.8199999928474426,0.4713934957981109
0.1037713424208571,0.0781261822415722,43.67867938550633,0.9298278877730548,0.9803549236834334,px048_grass_nat,baseline,expA_temporal,GRASS_NAT,0.6299999952316284,0.6589556932449341
0.1129069788960252,0.0950474368201361,12.71632166024018,0.4368742795814649,0.7208409670176342,px049_grass_nat,baseline,expA_temporal,GRASS_NAT,0.6399999856948853,0.6991131901741028
0.0519793968836786,0.0411400712198681,8.538774781602989,0.8897378330249095,0.9561871132948068,px050_shrubs_ne,baseline,expA_temporal,SHRUBS_NE,0.6800000071525574,0.6268694400787354
0.1429660797456503,0.1043371319770813,21.111336408170366,0.8746852409726085,0.9354307767179308,px051_shrubs_ne,baseline,expA_temporal,SHRUBS_NE,0.5300000309944153,0.9856724739074708
0.3280438186765295,0.1935030695464876,15.556793608330937,0.9514084810065238,0.9770009850992262,px052_shrubs_bd,baseline,expA_temporal,SHRUBS_BD,0.5099999904632568,0.9947689771652222
0.0790252087546432,0.0709683063957426,16.347153536157048,0.9140633266812886,0.9609197544738244,px053_shrubs_ne,baseline,expA_temporal,SHRUBS_NE,0.8500000238418579,0.4227090775966644
0.0713586596411657,0.0557727363374498,10.812241664343874,0.8508453607926745,0.9238277225585336,px054_shrubs_ne,baseline,expA_temporal,SHRUBS_NE,0.8500000238418579,0.4227090775966644
0.0556110680837218,0.0455115563339657,9.103111012577251,0.8055156286178946,0.9542377664482822,px055_shrubs_bd,baseline,expA_temporal,SHRUBS_BD,0.8100000023841858,0.4862229228019714
0.1047998565874512,0.0793974671098921,9.459463794673596,0.8940135318981474,0.9622474086256544,px056_shrubs_nd,baseline,expA_temporal,SHRUBS_ND,0.6100000143051147,0.9285967350006104
0.0698047290658308,0.0584940301047431,21.14000916335842,0.777069130429016,0.8832464686130276,px057_shrubs_nd,baseline,expA_temporal,SHRUBS_ND,0.8400000333786011,0.5168823003768921
0.3283413114266706,0.236251362827089,17.11634939915244,0.9406095010165904,0.972295411482214,px058_grass_nat,baseline,expA_temporal,GRASS_NAT,0.644444465637207,0.6508179903030396
0.1121937909251111,0.085762561029858,14.024979309105404,0.264663461123912,0.7426292966269559,px059_shrubs_bd,baseline,expA_temporal,SHRUBS_BD,0.6700000166893005,0.634178638458252
0.2316012237819299,0.1554978486564424,21.47250054418989,0.9777597644125784,0.98962209479699,px060_grass_nat,baseline,expA_temporal,GRASS_NAT,0.4799999892711639,1.0047465562820437
0.0889374770776464,0.0668791651518808,26.16370787986512,0.9103555033389086,0.9810485372103324,px061_grass_nat,baseline,expA_temporal,GRASS_NAT,0.4600000083446502,0.9989753365516664
0.1344854869995026,0.1234020080831315,20.2211696083177,0.5864152710338519,0.7871790514371089,px062_shrubs_nd,baseline,expA_temporal,SHRUBS_ND,0.6299999952316284,0.6589556932449341
0.3148241034923714,0.2191909465731846,67.25785851699425,0.9154242507199194,0.960998628409939,px063_trees_bd,baseline,expA_temporal,TREES_BD,0.8500000238418579,0.4227090775966644
0.1326653537728502,0.0946577482753329,11.620207753463989,0.6027565634252527,0.8653483733710341,px064_shrubs_bd,baseline,expA_temporal,SHRUBS_BD,0.8600000143051147,0.4049634933471679
0.1555343996113151,0.127103704214096,13.775963796226712,0.9371568226429784,0.9722203270629136,px065_trees_ne,baseline,expA_temporal,TREES_NE,0.8600000143051147,0.4049634933471679
0.1895040687635484,0.1393654763698578,52.74548794807459,0.9403705902538788,0.9791931339584228,px066_grass_man,baseline,expA_temporal,GRASS_MAN,0.6399999856948853,0.653418242931366
0.3296568068593943,0.18851804021332,32.67238604558355,0.920001584078287,0.9691299498812324,px067_grass_man,baseline,expA_temporal,GRASS_MAN,0.8799999952316284,0.3669250011444092
0.3486301479977093,0.2672025528219011,38.59142060786844,0.5645162128244409,0.8296176304697093,px068_trees_nd,baseline,expA_temporal,TREES_ND,0.8700000047683716,0.3863867223262787
0.2283499524700762,0.1530813455090133,877.1638800616955,0.9278337259756914,0.9671468057948964,px069_trees_bd,baseline,expA_temporal,TREES_BD,0.6000000238418579,0.6730116605758667
0.4844823282904557,0.4252768569522434,14.04888495104363,0.8325584771936398,0.9302497579102929,evergreen,dominant,expA_temporal,TREES_NE,0.949999988079071,0.1985152661800384
0.0578351462014776,0.039736225704352,17.967609439145075,0.5440970059765577,0.7599509590304466,low_amplitude,dominant,expA_temporal,GRASS_NAT,0.8399999737739563,0.4396699070930481
0.373039399995464,0.2505545616149902,14.619771219240825,0.9652037038661124,0.9837756979487702,high_amplitude_deciduous,dominant,expA_temporal,TREES_BD,0.8899999856948853,0.3465153276920318
0.3254029827831327,0.1753790451420678,24.54539215379909,0.9334034362970044,0.9710927938281644,mixed_forest_grass,dominant,expA_temporal,TREES_BD,0.5,0.6931471824645996
0.3185650864216744,0.2191874285538991,30.313215929526223,0.8301932289084395,0.919671530811676,px004_trees_ne,dominant,expA_temporal,TREES_NE,1.0,2.486791883526962e-10
0.2881463202457646,0.2177699478136168,53.888849190704846,0.9080364946174516,0.9530794924385848,px005_trees_bd,dominant,expA_temporal,TREES_BD,1.0,2.486791883526962e-10
0.2857217904000975,0.2199040022161272,23.26531872933063,0.9431625064083564,0.9764950866764636,px006_trees_nd,dominant,expA_temporal,TREES_ND,1.0,2.486791883526962e-10
0.0368132228977764,0.0290996498531765,6.167661016098118,0.9055363120511964,0.9580336885581824,px007_shrubs_ne,dominant,expA_temporal,SHRUBS_NE,1.0,2.486791883526962e-10
0.1173835464232484,0.0944893750879499,15.457229530428055,0.1757260467260739,0.7198896097870033,px008_shrubs_bd,dominant,expA_temporal,SHRUBS_BD,0.9700000286102296,0.1347421407699585
0.2157233258006088,0.1779353227880266,27.083222853936377,0.3638336896841275,0.8657103175606108,px009_shrubs_nd,dominant,expA_temporal,SHRUBS_ND,1.0,2.486791883526962e-10
0.3826623840303196,0.3074142966005537,34.90807963136592,0.8958946892653652,0.9493003104536047,px010_grass_nat,dominant,expA_temporal,GRASS_NAT,1.0,2.486791883526962e-10
0.2953268489180516,0.1887442807356516,18.476160993813053,0.5387784671357687,0.779066529822822,px011_grass_man,dominant,expA_temporal,GRASS_MAN,1.0,2.486791883526962e-10
0.1559327153371576,0.1257440342671341,40.93743439078932,0.951429730567622,0.9757979416185296,px012_trees_nd,dominant,expA_temporal,TREES_ND,0.5,0.6931471824645996
0.2248476797772748,0.1485058155324723,43.92686229687948,0.928358212820413,0.967603161330549,px013_grass_man,dominant,expA_temporal,GRASS_MAN,0.5099999904632568,0.6929471492767334
0.2405917363125595,0.163952218203081,74.79787834284961,0.9495356491273736,0.9767264644892544,px014_grass_man,dominant,expA_temporal,GRASS_MAN,0.5199999809265137,0.6923469305038452
0.069132091086983,0.0591180841128031,26.220999878742035,0.2977995988505193,0.6100448854059858,px015_shrubs_nd,dominant,expA_temporal,SHRUBS_ND,0.4799999892711639,0.9469139575958252
0.0526345674759621,0.0461759818924797,10.059173189858903,0.7892788821879462,0.8917453240512072,px016_shrubs_ne,dominant,expA_temporal,SHRUBS_NE,0.5299999713897705,0.6913461089134216
0.1001125560422596,0.0786298490232891,19.762084964813788,0.4743938345174234,0.6969631552404766,px017_grass_man,dominant,expA_temporal,GRASS_MAN,0.532608687877655,0.6910190582275391
0.3216658350928812,0.2052985340356826,25.71539749163773,0.9115670500282076,0.9571665222153628,px018_trees_nd,dominant,expA_temporal,TREES_ND,0.5400000214576721,0.6899437308311462
0.1726192376864898,0.1185578319761488,10.364631559903,0.8307860501503187,0.9783610083563434,px019_shrubs_bd,dominant,expA_temporal,SHRUBS_BD,0.5099999904632568,0.6929471492767334
0.2249119730897368,0.1683070984151628,25.136112391852805,0.9048208325803776,0.9717688917422218,px020_trees_ne,dominant,expA_temporal,TREES_NE,0.5555555820465088,0.6869615316390991
0.097895112286422,0.0696348115801811,19.54298257908296,0.9069454328135697,0.9529872278741685,px021_grass_nat,dominant,expA_temporal,GRASS_NAT,0.5600000023841858,0.6859297752380371
0.1455808659287958,0.1114581625494692,33.98905247715201,0.9661431372970436,0.9845417611568552,px022_grass_nat,dominant,expA_temporal,GRASS_NAT,0.6172839403152466,0.9304575324058532
0.3395430730297163,0.2561492674880558,31.94899369462204,0.7681292607598498,0.9545307587745472,px023_shrubs_ne,dominant,expA_temporal,SHRUBS_NE,0.6899999976158142,0.8338149785995483
0.1064301970979183,0.0783797350194719,11.318306038989595,0.7074725424286965,0.8904130813198204,px024_shrubs_bd,dominant,expA_temporal,SHRUBS_BD,0.6600000262260437,0.8743470907211304
0.0654623922494054,0.0521406524711185,11.51869309707381,0.3977237265961044,0.7028638027007109,px025_grass_nat,dominant,expA_temporal,GRASS_NAT,0.6419753432273865,0.8985178470611572
0.1083893279294192,0.0908323986662758,11.93231563793734,0.9474802488642764,0.9818200266575168,px026_trees_nd,dominant,expA_temporal,TREES_ND,0.75,0.5623351335525513
0.1530933183137485,0.1126279069317711,14.181002417689609,0.8322931137080631,0.9433344284535874,px027_grass_man,dominant,expA_temporal,GRASS_MAN,0.75,0.5623351335525513
0.1880912272701332,0.151815609799491,57.84347167973638,0.4620441850609766,0.7056783167863874,px028_grass_nat,dominant,expA_temporal,GRASS_NAT,0.5813953280448914,0.9641510844230652
0.2388253170438976,0.1741871610283851,23.49219632371907,0.9510897330013928,0.9761803462591094,px029_grass_man,dominant,expA_temporal,GRASS_MAN,0.4900000095367431,1.0463541746139526
0.6193611361809127,0.4670775188340081,31.230427224621803,0.6893855125765114,0.8423791887185766,px030_grass_man,dominant,expA_temporal,GRASS_MAN,0.4900000095367431,1.0463541746139526
0.3202259158370741,0.251711772630612,98.00856776066388,0.965320141941258,0.9838674016460882,px031_trees_bd,dominant,expA_temporal,TREES_BD,0.7200000286102295,0.5929533243179321
0.3620195081450494,0.2450484089553356,64.54337266304852,0.8810604264944079,0.9484493194904836,px032_grass_man,dominant,expA_temporal,GRASS_MAN,0.7599999904632568,0.5510799288749695
0.1624439953333084,0.1145904845661587,15.074043307835463,0.9866386394259694,0.993812861824296,px033_trees_ne,dominant,expA_temporal,TREES_NE,0.7300000190734863,0.583258867263794
0.4205113811689209,0.3162770311037699,17.21156410942159,0.6342129162839518,0.8455692624202364,px034_grass_man,dominant,expA_temporal,GRASS_MAN,0.7599999904632568,0.5510799288749695
0.1701059103416815,0.1399825731913248,22.70600269596051,0.5336662460645282,0.7955642107665278,px035_shrubs_nd,dominant,expA_temporal,SHRUBS_ND,0.7599999904632568,0.5510799288749695
0.3077572446133026,0.2381595741129583,94.4107235217658,0.9622046415877896,0.9888322939749954,px036_grass_man,dominant,expA_temporal,GRASS_MAN,0.4900000095367431,1.0463541746139526
0.2637045907608707,0.1973475078741709,35.18513838100105,0.9524322427182624,0.980736583342076,px037_trees_nd,dominant,expA_temporal,TREES_ND,0.7699999809265137,0.5392763614654541
0.2308128733056334,0.1833119988441467,21.85907277435295,0.9118566633328106,0.9565585257777504,px038_grass_nat,dominant,expA_temporal,GRASS_NAT,0.6419753432273865,0.6522731781005859
0.2568625877019773,0.182429379887051,14.314794446824012,0.9435944894744648,0.9726566992168904,px039_trees_ne,dominant,expA_temporal,TREES_NE,0.7525773048400879,0.559485912322998
0.1443860893376775,0.1072081908583641,18.964135150042484,0.9533022449098988,0.9823592972143672,px040_trees_bd,dominant,expA_temporal,TREES_BD,0.6969696879386902,0.6134100556373596
0.0592007285957283,0.0448255577642056,54.48103114082395,0.9246392459496422,0.9803299206412924,px041_grass_nat,dominant,expA_temporal,GRASS_NAT,0.785714328289032,0.5195798277854919
0.352906135859004,0.2554098531603813,44.43860466769948,0.9564863511386376,0.9826708822052592,px042_grass_nat,dominant,expA_temporal,GRASS_NAT,0.6499999761581421,0.6474466323852539
0.2048208062703755,0.1451968354897366,42.76825186835521,0.9739205463882754,0.9887044354951666,px043_grass_nat,dominant,expA_temporal,GRASS_NAT,0.7900000214576721,0.5139566659927368
0.2696898023738643,0.2046419580777486,12.198669057251134,0.9421759868152528,0.9708479705897778,px044_grass_nat,dominant,expA_temporal,GRASS_NAT,0.800000011920929,0.5004023909568787
0.110932268737291,0.0855170435375637,18.7519694566496,-0.6997698391543428,0.7346103297454493,px045_grass_nat,dominant,expA_temporal,GRASS_NAT,0.6200000047683716,0.6640641093254089
0.0710073911275411,0.0596824705600738,11.8285398820939,0.8305845264021638,0.9565549683723232,px046_grass_nat,dominant,expA_temporal,GRASS_NAT,0.8202247619628906,0.4710525274276733
0.1056166034125749,0.0866298084457715,56.04326689087693,-0.339761862524792,0.1400713651386839,px047_grass_nat,dominant,expA_temporal,GRASS_NAT,0.8199999928474426,0.4713934957981109
0.106213419121052,0.0788223896589544,44.089204089227984,0.9264862701024263,0.980168887626832,px048_grass_nat,dominant,expA_temporal,GRASS_NAT,0.6299999952316284,0.6589556932449341
0.1130899776948842,0.0951025095250871,12.724505157811777,0.4350473802370684,0.7176842466343871,px049_grass_nat,dominant,expA_temporal,GRASS_NAT,0.6399999856948853,0.6991131901741028
0.051883119443393,0.0409954895575841,8.502953788304819,0.8901459150133623,0.9568044144648435,px050_shrubs_ne,dominant,expA_temporal,SHRUBS_NE,0.6800000071525574,0.6268694400787354
0.1424949786251631,0.1039062725173102,21.397016389242573,0.8755097534171622,0.9359518256534534,px051_shrubs_ne,dominant,expA_temporal,SHRUBS_NE,0.5300000309944153,0.9856724739074708
0.3275675058482318,0.1956918501191669,16.093945700167804,0.9515494863214696,0.9769014892321676,px052_shrubs_bd,dominant,expA_temporal,SHRUBS_BD,0.5099999904632568,0.9947689771652222
0.0787904116931245,0.0712588373157713,16.5367084335526,0.9145732323953594,0.9604148478572964,px053_shrubs_ne,dominant,expA_temporal,SHRUBS_NE,0.8500000238418579,0.4227090775966644
0.0713657181584446,0.0554774834050072,10.752420132160552,0.8508158517555566,0.9241895163639956,px054_shrubs_ne,dominant,expA_temporal,SHRUBS_NE,0.8500000238418579,0.4227090775966644
0.0558224743660579,0.0455835236443413,9.112224653374058,0.8040341477043056,0.9541320617971822,px055_shrubs_bd,dominant,expA_temporal,SHRUBS_BD,0.8100000023841858,0.4862229228019714
0.1060656344811149,0.0800256378120846,9.491773800273034,0.8914378509741776,0.9612508639846132,px056_shrubs_nd,dominant,expA_temporal,SHRUBS_ND,0.6100000143051147,0.9285967350006104
0.0697959840937848,0.0582945194509294,21.06986152374241,0.7771249834387697,0.8832501804400074,px057_shrubs_nd,dominant,expA_temporal,SHRUBS_ND,0.8400000333786011,0.5168823003768921
0.3294416454591211,0.2382310251394907,17.42136918532081,0.9402107763721096,0.9718473696016324,px058_grass_nat,dominant,expA_temporal,GRASS_NAT,0.644444465637207,0.6508179903030396
0.1126701433874697,0.0861993034680684,14.111761431735736,0.2584060207390338,0.7393312348039813,px059_shrubs_bd,dominant,expA_temporal,SHRUBS_BD,0.6700000166893005,0.634178638458252
0.2328078076642825,0.1547193696101506,22.581459478707806,0.977527428759161,0.9893784286734132,px060_grass_nat,dominant,expA_temporal,GRASS_NAT,0.4799999892711639,1.0047465562820437
0.0917655612257129,0.0686094250736965,26.466772407609483,0.9045637267067392,0.9803811371930315,px061_grass_nat,dominant,expA_temporal,GRASS_NAT,0.4600000083446502,0.9989753365516664
0.1345671426210766,0.1236611386140187,20.251782470002087,0.5859128856626739,0.7867213056468401,px062_shrubs_nd,dominant,expA_temporal,SHRUBS_ND,0.6299999952316284,0.6589556932449341
0.3117836959357329,0.2191066997125745,73.90514917556091,0.9170499398537818,0.9625421716654252,px063_trees_bd,dominant,expA_temporal,TREES_BD,0.8500000238418579,0.4227090775966644
0.1341666092340065,0.0958044290542602,11.78314168608104,0.5937151954943407,0.8619440167069297,px064_shrubs_bd,dominant,expA_temporal,SHRUBS_BD,0.8600000143051147,0.4049634933471679
0.1548635626754013,0.126683019929462,13.553827828608211,0.9376977526189998,0.9722495332738338,px065_trees_ne,dominant,expA_temporal,TREES_NE,0.8600000143051147,0.4049634933471679
0.1932021122382324,0.1414908296532101,54.36512757847949,0.9380206278109317,0.9790772906703542,px066_grass_man,dominant,expA_temporal,GRASS_MAN,0.6399999856948853,0.653418242931366
0.3276157756987924,0.1890377867552969,33.73898372352007,0.9209891189581262,0.9705093299259452,px067_grass_man,dominant,expA_temporal,GRASS_MAN,0.8799999952316284,0.3669250011444092
0.3475806239239402,0.267289349105623,38.71735892066148,0.567134246652518,0.8301412646536503,px068_trees_nd,dominant,expA_temporal,TREES_ND,0.8700000047683716,0.3863867223262787
0.2238027365867587,0.1510432878638514,919.4796573855588,0.930679255678012,0.9681745761312928,px069_trees_bd,dominant,expA_temporal,TREES_BD,0.6000000238418579,0.6730116605758667
0.4841648441564138,0.424970089064704,14.045906418275278,0.8327778561295792,0.9302847633859276,evergreen,fractional,expA_temporal,TREES_NE,0.949999988079071,0.1985152661800384
0.0579176773122485,0.0398004490468237,18.01959182053638,0.542794924824543,0.7600026632061712,low_amplitude,fractional,expA_temporal,GRASS_NAT,0.8399999737739563,0.4396699070930481
0.3731458603057724,0.2508317338095771,14.640020183250996,0.9651838402641448,0.9837788066027848,high_amplitude_deciduous,fractional,expA_temporal,TREES_BD,0.8899999856948853,0.3465153276920318
0.326291411115492,0.1754104938771989,24.48341251890233,0.9330392906300092,0.9711315496119748,mixed_forest_grass,fractional,expA_temporal,TREES_BD,0.5,0.6931471824645996
0.3185597325238435,0.2193732758363088,30.342150836619165,0.8301989365047998,0.9197595449072464,px004_trees_ne,fractional,expA_temporal,TREES_NE,1.0,2.486791883526962e-10
0.2879617849526253,0.2176581659250789,53.98642955952167,0.9081542478357688,0.95312648197702,px005_trees_bd,fractional,expA_temporal,TREES_BD,1.0,2.486791883526962e-10
0.2859372770269417,0.2201336787806617,23.320820320058505,0.943076742293071,0.9764814828588644,px006_trees_nd,fractional,expA_temporal,TREES_ND,1.0,2.486791883526962e-10
0.0368165199461342,0.0290972444746229,6.166775094550143,0.9055193906697074,0.9580016066755292,px007_shrubs_ne,fractional,expA_temporal,SHRUBS_NE,1.0,2.486791883526962e-10
0.1173510181076233,0.094424553712209,15.449124128348627,0.17618281480204,0.7200976327678255,px008_shrubs_bd,fractional,expA_temporal,SHRUBS_BD,0.9700000286102296,0.1347421407699585
0.2156076546507753,0.1778702967696719,27.07886713635096,0.3645157333142691,0.8658254100035531,px009_shrubs_nd,fractional,expA_temporal,SHRUBS_ND,1.0,2.486791883526962e-10
0.3826820608952381,0.3079121914174821,35.138093665959175,0.8958839826012709,0.9493025531433046,px010_grass_nat,fractional,expA_temporal,GRASS_NAT,1.0,2.486791883526962e-10
0.2952707309889892,0.1886962658829159,18.47596652918814,0.5389537328675301,0.7790789890137408,px011_grass_man,fractional,expA_temporal,GRASS_MAN,1.0,2.486791883526962e-10
0.1558057934030507,0.1253139523168404,41.16061483195177,0.9515087662422322,0.9757876266347254,px012_trees_nd,fractional,expA_temporal,TREES_ND,0.5,0.6931471824645996
0.2247298052406082,0.1482326368490855,43.70578424683234,0.9284333083600682,0.9676714092394644,px013_grass_man,fractional,expA_temporal,GRASS_MAN,0.5099999904632568,0.6929471492767334
0.2402856052378777,0.1638782316197951,74.45593308695844,0.9496639900061308,0.976708319993267,px014_grass_man,fractional,expA_temporal,GRASS_MAN,0.5199999809265137,0.6923469305038452
0.0690689185252965,0.0591087917486826,26.19470138456685,0.2990823469803415,0.6100617533719559,px015_shrubs_nd,fractional,expA_temporal,SHRUBS_ND,0.4799999892711639,0.9469139575958252
0.0527546896861241,0.0462815059555901,10.073944362691805,0.788315972398107,0.8912862829601449,px016_shrubs_ne,fractional,expA_temporal,SHRUBS_NE,0.5299999713897705,0.6913461089134216
0.1004548023196535,0.0785641137096617,19.691835711811407,0.4707940016412152,0.6953844964266909,px017_grass_man,fractional,expA_temporal,GRASS_MAN,0.532608687877655,0.6910190582275391
0.321787404324131,0.2056365897258122,26.03466790841673,0.9115001933333554,0.9572732326748974,px018_trees_nd,fractional,expA_temporal,TREES_ND,0.5400000214576721,0.6899437308311462
0.1735209668102665,0.1191735605398813,10.403386898817828,0.8290135514849869,0.9782372896289484,px019_shrubs_bd,fractional,expA_temporal,SHRUBS_BD,0.5099999904632568,0.6929471492767334
0.2238042674228747,0.1673718379603491,25.082822729576847,0.9057560507079956,0.9719425958116972,px020_trees_ne,fractional,expA_temporal,TREES_NE,0.5555555820465088,0.6869615316390991
0.0978741971158889,0.0696937834223111,19.63256637138293,0.9069851905540524,0.9530778278186202,px021_grass_nat,fractional,expA_temporal,GRASS_NAT,0.5600000023841858,0.6859297752380371
0.1457656932673901,0.1122099837495221,34.59136093019885,0.9660571143693436,0.9846221004327684,px022_grass_nat,fractional,expA_temporal,GRASS_NAT,0.6172839403152466,0.9304575324058532
0.338570345323713,0.2553092698256174,31.88911969421518,0.769455890780844,0.9545802385902856,px023_shrubs_ne,fractional,expA_temporal,SHRUBS_NE,0.6899999976158142,0.8338149785995483
0.1063755975119518,0.0783393085002899,11.30850708696184,0.7077726035325701,0.89029530838824,px024_shrubs_bd,fractional,expA_temporal,SHRUBS_BD,0.6600000262260437,0.8743470907211304
0.0656071824306394,0.0522369523843129,11.549675888189874,0.3950565423809041,0.7029565178035915,px025_grass_nat,fractional,expA_temporal,GRASS_NAT,0.6419753432273865,0.8985178470611572
0.1078587295996482,0.090368487768703,11.867277883342622,0.9479931902092978,0.9818475141024284,px026_trees_nd,fractional,expA_temporal,TREES_ND,0.75,0.5623351335525513
0.1527362368258478,0.1123182740476396,14.126831823349413,0.8330745349475324,0.9433329012929416,px027_grass_man,fractional,expA_temporal,GRASS_MAN,0.75,0.5623351335525513
0.1885095076623437,0.1521994928518931,58.19033016006936,0.4596488945405004,0.7056250247131012,px028_grass_nat,fractional,expA_temporal,GRASS_NAT,0.5813953280448914,0.9641510844230652
0.238145261347658,0.1738966069287724,23.255014978560805,0.9513678806424593,0.9761975566217724,px029_grass_man,fractional,expA_temporal,GRASS_MAN,0.4900000095367431,1.0463541746139526
0.6188311601875387,0.4673145996199714,31.19442823666189,0.6899168594160725,0.8422339841410317,px030_grass_man,fractional,expA_temporal,GRASS_MAN,0.4900000095367431,1.0463541746139526
0.3202945381518706,0.2518929747243722,98.55229005346784,0.9653052770161648,0.9838782426426756,px031_trees_bd,fractional,expA_temporal,TREES_BD,0.7200000286102295,0.5929533243179321
0.361643500909935,0.2447512427137957,64.324130587522,0.8813073685188881,0.9487273840071898,px032_grass_man,fractional,expA_temporal,GRASS_MAN,0.7599999904632568,0.5510799288749695
0.1624995453610639,0.1145841677983601,15.17352341990301,0.986629499650058,0.9937952775751584,px033_trees_ne,fractional,expA_temporal,TREES_NE,0.7300000190734863,0.583258867263794
0.4204233179839954,0.3162323594093322,17.20405379985193,0.6343661059672421,0.8455389377069036,px034_grass_man,fractional,expA_temporal,GRASS_MAN,0.7599999904632568,0.5510799288749695
0.1699570578766704,0.1399232519997491,22.71502123833983,0.5344820267463659,0.7955824702241929,px035_shrubs_nd,fractional,expA_temporal,SHRUBS_ND,0.7599999904632568,0.5510799288749695
0.3095027788962389,0.2391270012077358,93.43333331932163,0.9617746911138356,0.9888324690334088,px036_grass_man,fractional,expA_temporal,GRASS_MAN,0.4900000095367431,1.0463541746139526
0.2641100026096485,0.1979466021060943,35.36572509716443,0.95228587168916,0.9807419119472331,px037_trees_nd,fractional,expA_temporal,TREES_ND,0.7699999809265137,0.5392763614654541
0.2312088647358346,0.183768962489234,22.022239676852852,0.9115539597030188,0.95663470467562,px038_grass_nat,fractional,expA_temporal,GRASS_NAT,0.6419753432273865,0.6522731781005859
0.2574902844555607,0.1826774504449632,14.323189630286167,0.9433184756216868,0.9725210525001232,px039_trees_ne,fractional,expA_temporal,TREES_NE,0.7525773048400879,0.559485912322998
0.144103243416857,0.1068127292725775,18.912471831496006,0.953485023353352,0.982358048721132,px040_trees_bd,fractional,expA_temporal,TREES_BD,0.6969696879386902,0.6134100556373596
0.0593397239747596,0.0451100278852714,54.94316353565495,0.9242849566180228,0.9802996496635736,px041_grass_nat,fractional,expA_temporal,GRASS_NAT,0.785714328289032,0.5195798277854919
0.3510308722518298,0.2542829280098279,44.836850668890456,0.9569475659094884,0.982700771296967,px042_grass_nat,fractional,expA_temporal,GRASS_NAT,0.6499999761581421,0.6474466323852539
0.2051131427071662,0.1461203975396023,43.95120820692933,0.9738460479479008,0.9887886090701912,px043_grass_nat,fractional,expA_temporal,GRASS_NAT,0.7900000214576721,0.5139566659927368
0.268854685916637,0.2035535706414116,12.153028387717075,0.942533545892246,0.9709772703107156,px044_grass_nat,fractional,expA_temporal,GRASS_NAT,0.800000011920929,0.5004023909568787
0.1115745344871989,0.0860986815558539,18.873876203339677,-0.7195091681689179,0.7344663936034321,px045_grass_nat,fractional,expA_temporal,GRASS_NAT,0.6200000047683716,0.6640641093254089
0.0717985273111054,0.0604030589262644,11.958205759922237,0.8267883759568027,0.9565543633939286,px046_grass_nat,fractional,expA_temporal,GRASS_NAT,0.8202247619628906,0.4710525274276733
0.1058205571234912,0.0867588985297415,56.1661897785428,-0.3449412231078959,0.1402718972438367,px047_grass_nat,fractional,expA_temporal,GRASS_NAT,0.8199999928474426,0.4713934957981109
0.1061064668559618,0.0790173339347044,44.49417153467958,0.9266342457803824,0.9801162248958396,px048_grass_nat,fractional,expA_temporal,GRASS_NAT,0.6299999952316284,0.6589556932449341
0.1131580860641799,0.0953555444876353,12.770223644548247,0.4343666905929058,0.7173009261571697,px049_grass_nat,fractional,expA_temporal,GRASS_NAT,0.6399999856948853,0.6991131901741028
0.0520781260768141,0.0410810208982891,8.50613527181068,0.8893185733217676,0.9567548457758566,px050_shrubs_ne,fractional,expA_temporal,SHRUBS_NE,0.6800000071525574,0.6268694400787354
0.1424233702534015,0.1038957768016391,21.3809271635856,0.8756348427925148,0.9359759932173694,px051_shrubs_ne,fractional,expA_temporal,SHRUBS_NE,0.5300000309944153,0.9856724739074708
0.326804532039843,0.1958616173929638,16.2110482794013,0.951774926396718,0.9768808888297996,px052_shrubs_bd,fractional,expA_temporal,SHRUBS_BD,0.5099999904632568,0.9947689771652222
0.0788291915773738,0.0712568319506115,16.535719656914104,0.914489119230766,0.9603829096800528,px053_shrubs_ne,fractional,expA_temporal,SHRUBS_NE,0.8500000238418579,0.4227090775966644
0.071352506550255,0.0554778880543179,10.751770598592811,0.8508710821975094,0.9241866826308972,px054_shrubs_ne,fractional,expA_temporal,SHRUBS_NE,0.8500000238418579,0.4227090775966644
0.055786637907232,0.0455266290240817,9.10234341539907,0.8042856760746162,0.9541785029715883,px055_shrubs_bd,fractional,expA_temporal,SHRUBS_BD,0.8100000023841858,0.4862229228019714
0.1062165733017762,0.0800674537817637,9.494271920148517,0.8911286480507665,0.96125923477883,px056_shrubs_nd,fractional,expA_temporal,SHRUBS_ND,0.6100000143051147,0.9285967350006104
0.0697988703370417,0.0582881112893422,21.065151730392262,0.7771065501485884,0.8832132363951382,px057_shrubs_nd,fractional,expA_temporal,SHRUBS_ND,0.8400000333786011,0.5168823003768921
0.3315019244251422,0.2399943066967858,17.71732095796214,0.939460612183846,0.9717262671985676,px058_grass_nat,fractional,expA_temporal,GRASS_NAT,0.644444465637207,0.6508179903030396
0.1125596366880639,0.0861622797118293,14.106983959435906,0.2598600157678536,0.738959084431868,px059_shrubs_bd,fractional,expA_temporal,SHRUBS_BD,0.6700000166893005,0.634178638458252
0.2310590315962753,0.1539412985245386,22.807683670064,0.9778637739418516,0.9894696862340052,px060_grass_nat,fractional,expA_temporal,GRASS_NAT,0.4799999892711639,1.0047465562820437
0.0910413995978725,0.0681960261323385,26.619919963053647,0.9060640410428504,0.980450547083919,px061_grass_nat,fractional,expA_temporal,GRASS_NAT,0.4600000083446502,0.9989753365516664
0.1344984633967895,0.1236919323603312,20.257032209811197,0.586335454262606,0.7867512751416699,px062_shrubs_nd,fractional,expA_temporal,SHRUBS_ND,0.6299999952316284,0.6589556932449341
0.3118209500648941,0.2192444063102205,74.46162619081524,0.9170301157454892,0.9625798606215769,px063_trees_bd,fractional,expA_temporal,TREES_BD,0.8500000238418579,0.4227090775966644
0.1344388915222243,0.0960342685381571,11.814392259263377,0.5920644657175786,0.8617118736849938,px064_shrubs_bd,fractional,expA_temporal,SHRUBS_BD,0.8600000143051147,0.4049634933471679
0.1547330437954764,0.1265441411071353,13.53634097933354,0.9378027249280892,0.9722227634165382,px065_trees_ne,fractional,expA_temporal,TREES_NE,0.8600000143051147,0.4049634933471679
0.1930660648261391,0.1414320568243662,54.21340208548308,0.9381078852871372,0.9790908612607384,px066_grass_man,fractional,expA_temporal,GRASS_MAN,0.6399999856948853,0.653418242931366
0.3274204277217301,0.1885634086198277,33.58255912364152,0.921083314752777,0.9706552337494728,px067_grass_man,fractional,expA_temporal,GRASS_MAN,0.8799999952316284,0.3669250011444092
0.3478302762469087,0.2675778064462873,38.8057595217958,0.5665122053591218,0.8301189100797386,px068_trees_nd,fractional,expA_temporal,TREES_ND,0.8700000047683716,0.3863867223262787
0.2239546330626512,0.1513185460870671,928.5745372147748,0.9305851268020392,0.9681695560571182,px069_trees_bd,fractional,expA_temporal,TREES_BD,0.6000000238418579,0.6730116605758667
0.2392001344956188,0.1580116431332296,68.93323463767373,0.9501177404845044,0.976804076231672,px014_grass_man,baseline,expB_spatial,GRASS_MAN,0.5199999809265137,0.6923469305038452
0.1482720314812342,0.1130480972429116,33.14481853040157,0.964879831444405,0.9837995475185956,px022_grass_nat,baseline,expB_spatial,GRASS_NAT,0.6172839403152466,0.9304575324058532
0.0579882555732105,0.0396103453305032,17.942831341723497,0.5416799491594764,0.7595571027453879,low_amplitude,baseline,expB_spatial,GRASS_NAT,0.8399999737739563,0.4396699070930481
0.2543775714298761,0.1821390059259202,14.198464399710012,0.9446806000081266,0.9729462586372344,px039_trees_ne,baseline,expB_spatial,TREES_NE,0.7525773048400879,0.559485912322998
0.3244116678089647,0.2062260604566998,25.02207991444368,0.9100508275362028,0.9560618599730905,px018_trees_nd,baseline,expB_spatial,TREES_ND,0.5400000214576721,0.6899437308311462
0.2923393977045114,0.2197760825355847,52.37101234441823,0.905340532499202,0.9518463740014538,px005_trees_bd,baseline,expB_spatial,TREES_BD,1.0,2.486791883526962e-10
0.3795721867330228,0.3043806824419233,34.58417092581178,0.8975693089405987,0.9496167591518084,px010_grass_nat,baseline,expB_spatial,GRASS_NAT,1.0,2.486791883526962e-10
0.1037713441069291,0.0781261822415722,43.67867570412415,0.9298278854927484,0.9803549190715964,px048_grass_nat,baseline,expB_spatial,GRASS_NAT,0.6299999952316284,0.6589556932449341
0.2102499499036976,0.1451698971705304,40.79495944975129,0.972519657104193,0.9886298442648134,px043_grass_nat,baseline,expB_spatial,GRASS_NAT,0.7900000214576721,0.5139566659927368
0.1326653504727407,0.0946577575471666,11.620208923567324,0.6027565831884654,0.8653483777660403,px064_shrubs_bd,baseline,expB_spatial,SHRUBS_BD,0.8600000143051147,0.4049634933471679
0.2856933387818881,0.2177363534768422,22.858843744612365,0.943173825378118,0.976124431579756,px006_trees_nd,baseline,expB_spatial,TREES_ND,1.0,2.486791883526962e-10
0.329656782784828,0.1885180223319265,32.67239133149383,0.920001595762724,0.9691299633808804,px067_grass_man,baseline,expB_spatial,GRASS_MAN,0.8799999952316284,0.3669250011444092
0.2276356932407028,0.1490901754962073,42.79093262012545,0.9265705439306788,0.9660380193156912,px013_grass_man,baseline,expB_spatial,GRASS_MAN,0.5099999904632568,0.6929471492767334
0.1880260834607095,0.151791469918357,57.92985928413944,0.4624167534461524,0.7077794977483881,px028_grass_nat,baseline,expB_spatial,GRASS_NAT,0.5813953280448914,0.9641510844230652
0.1344854835356148,0.1234020034472147,20.221168650641705,0.5864152923389183,0.7871790646555956,px062_shrubs_nd,baseline,expB_spatial,SHRUBS_ND,0.6299999952316284,0.6589556932449341
0.2415198526167467,0.163264548819926,75.56658654252413,0.9491455515514938,0.9767617457994584,px014_grass_man,dominant,expB_spatial,GRASS_MAN,0.5199999809265137,0.6923469305038452
0.148246191877182,0.1140084830423196,35.87854487267339,0.964892071273666,0.98409320100787,px022_grass_nat,dominant,expB_spatial,GRASS_NAT,0.6172839403152466,0.9304575324058532
0.0580127294712343,0.0398197864492734,18.06568448815736,0.5412930002811915,0.759965033814408,low_amplitude,dominant,expB_spatial,GRASS_NAT,0.8399999737739563,0.4396699070930481
0.2556339940956444,0.182070153289371,14.303836397016518,0.9441327828701735,0.9728936805348064,px039_trees_ne,dominant,expB_spatial,TREES_NE,0.7525773048400879,0.559485912322998
0.3229036568948589,0.2061881783935759,25.92472898386402,0.9108851320903988,0.956646743932228,px018_trees_nd,dominant,expB_spatial,TREES_ND,0.5400000214576721,0.6899437308311462
0.2899728724239933,0.2190990300642119,54.27911765116104,0.9068668906525748,0.9524874218001672,px005_trees_bd,dominant,expB_spatial,TREES_BD,1.0,2.486791883526962e-10
0.3821337346440432,0.3075602789719899,35.23674770568147,0.8961821342573955,0.9492828288117248,px010_grass_nat,dominant,expB_spatial,GRASS_NAT,1.0,2.486791883526962e-10
0.1053783797994779,0.0787131717635525,44.544855611100665,0.9276376415011772,0.9803792823188516,px048_grass_nat,dominant,expB_spatial,GRASS_NAT,0.6299999952316284,0.6589556932449341
0.2090483617759355,0.1480867044379313,45.21201747931248,0.97283286239364,0.9885418543253124,px043_grass_nat,dominant,expB_spatial,GRASS_NAT,0.7900000214576721,0.5139566659927368
0.1346722828441215,0.0963480525546603,11.85509006411866,0.5906468512831393,0.8636786076301477,px064_shrubs_bd,dominant,expB_spatial,SHRUBS_BD,0.8600000143051147,0.4049634933471679
0.2863747206249387,0.219595330953598,23.27830157906067,0.9429024399970836,0.9762995673574704,px006_trees_nd,dominant,expB_spatial,TREES_ND,1.0,2.486791883526962e-10
0.3281270063469572,0.1912322118878364,34.31320619194547,0.9207423402463156,0.9696474790397398,px067_grass_man,dominant,expB_spatial,GRASS_MAN,0.8799999952316284,0.3669250011444092
0.2264101671615163,0.1499982608689202,44.17212570359104,0.9273590623967868,0.9667174352862644,px013_grass_man,dominant,expB_spatial,GRASS_MAN,0.5099999904632568,0.6929471492767334
0.1881973436682244,0.1520140641265445,58.3146911645238,0.4614370112179956,0.7074277502656701,px028_grass_nat,dominant,expB_spatial,GRASS_NAT,0.5813953280448914,0.9641510844230652
0.1349111108071187,0.1240042593744066,20.376041055581435,0.5837932771516372,0.7873539042015143,px062_shrubs_nd,dominant,expB_spatial,SHRUBS_ND,0.6299999952316284,0.6589556932449341
0.2416523930120608,0.1635904564211766,75.78267071529203,0.94908972079408,0.976726802857632,px014_grass_man,fractional,expB_spatial,GRASS_MAN,0.5199999809265137,0.6923469305038452
0.1486587853327595,0.1154988475143909,36.79777776431664,0.9646963770850696,0.9842081592282828,px022_grass_nat,fractional,expB_spatial,GRASS_NAT,0.6172839403152466,0.9304575324058532
0.058220280430134,0.0399584593044387,18.17908031162246,0.5380049155747093,0.7598107858383494,low_amplitude,fractional,expB_spatial,GRASS_NAT,0.8399999737739563,0.4396699070930481
0.255561270625544,0.1822764939732021,14.35007413171035,0.9441645648716428,0.9729626427830924,px039_trees_ne,fractional,expB_spatial,TREES_NE,0.7525773048400879,0.559485912322998
0.3231175458244795,0.2076331128676732,26.86150872510082,0.910767034966818,0.9565659858693562,px018_trees_nd,fractional,expB_spatial,TREES_ND,0.5400000214576721,0.6899437308311462
0.2897537471437951,0.2191072766979535,54.58666086221523,0.9070075942133644,0.9525545193311578,px005_trees_bd,fractional,expB_spatial,TREES_BD,1.0,2.486791883526962e-10
0.3816036452051649,0.3080662641260359,35.68978796877803,0.8964699632500197,0.9494223153441672,px010_grass_nat,fractional,expB_spatial,GRASS_NAT,1.0,2.486791883526962e-10
0.1051426290808489,0.0788401544921928,45.0830306928829,0.9279610550033248,0.9803376280237988,px048_grass_nat,fractional,expB_spatial,GRASS_NAT,0.6299999952316284,0.6589556932449341
0.2114086459333797,0.1507968647198544,47.66944263889331,0.9722159319071192,0.9886038427471704,px043_grass_nat,fractional,expB_spatial,GRASS_NAT,0.7900000214576721,0.5139566659927368
0.1349723750906838,0.0966340634557935,11.893487659746636,0.5888204832931532,0.8636577492162478,px064_shrubs_bd,fractional,expB_spatial,SHRUBS_BD,0.8600000143051147,0.4049634933471679
0.2865540026900554,0.2196546627415551,23.32838244399892,0.9428309268921604,0.9762717514732504,px006_trees_nd,fractional,expB_spatial,TREES_ND,1.0,2.486791883526962e-10
0.32712449165381,0.1902033085624377,34.060493285341515,0.921225906584335,0.9699384074331348,px067_grass_man,fractional,expB_spatial,GRASS_MAN,0.8799999952316284,0.3669250011444092
0.2255388337271282,0.1490184711085425,43.81698890059758,0.9279170999167816,0.9670299236127532,px013_grass_man,fractional,expB_spatial,GRASS_MAN,0.5099999904632568,0.6929471492767334
0.1888892352310145,0.1525850421852535,58.75232134567433,0.4574697697382818,0.707046765849284,px028_grass_nat,fractional,expB_spatial,GRASS_NAT,0.5813953280448914,0.9641510844230652
0.1350049126529638,0.1241641918818155,20.423789565143448,0.5832143102905027,0.7874499758291096,px062_shrubs_nd,fractional,expB_spatial,SHRUBS_ND,0.6299999952316284,0.6589556932449341
