site,lat,lon,date,raw_ground_truth,AELSTM,BiLSTM,LSTM,GRU,RNN,CNN,RF,SVM,Chronos-2 (zero-shot),Chronos-2 (LoRA fine-tuned)
low_amplitude,37.525000000000006,-117.55833330000002,2022-01-01,0.1806760282590775,0.2225928900453229,0.1748799312946333,0.2262674987320455,0.2260103523294395,0.2147195013805141,0.1895000084781577,0.1676136667994091,0.1644673602534688,0.18046801,0.15039062
low_amplitude,37.525000000000006,-117.55833330000002,2022-01-09,0.1806760282590775,0.1781353393654549,0.1460901888556835,0.1788316373979572,0.206479009354151,0.2089509358721318,0.1834196356104643,0.1428102337493952,0.1550361244173557,0.18789679,0.15332031
low_amplitude,37.525000000000006,-117.55833330000002,2022-01-17,0.1854011402287052,0.1603645719443663,0.1561356802236719,0.16057478377765,0.1960389900654351,0.2094857618164158,0.1891332814398852,0.1729829629597946,0.1710867058825078,0.19538909,0.15332031
low_amplitude,37.525000000000006,-117.55833330000002,2022-01-25,0.1076240653357798,0.1732193342523585,0.1835091417510586,0.1615421227739346,0.2115295030001387,0.2282296600843004,0.1947743321561951,0.2089189925774891,0.199922605511059,0.20785081,0.16894531
low_amplitude,37.525000000000006,-117.55833330000002,2022-02-02,0.1854011402287052,0.2126663521147422,0.2160398198551769,0.1951292873318036,0.2467175879598351,0.2474758323325792,0.2187667994775078,0.2272539156593939,0.2282394005377004,0.21434543,0.18457031
low_amplitude,37.525000000000006,-117.55833330000002,2022-02-10,0.1854011402287052,0.2508081161938442,0.2522936758695962,0.2469110416469689,0.2750953740060616,0.26558045142523,0.2547698242643965,0.2546325913674023,0.2536700660407277,0.21395594,0.19921875
low_amplitude,37.525000000000006,-117.55833330000002,2022-02-18,0.2038120326678899,0.2671216481461997,0.2757085692738144,0.2795259808859392,0.2840153529983157,0.2677028088945754,0.2799098306335409,0.2675049310396047,0.2686701389237174,0.2231485,0.203125
low_amplitude,37.525000000000006,-117.55833330000002,2022-02-26,0.2806760282590776,0.2836764033222931,0.2893656351787967,0.2888416520490742,0.2913317126452046,0.2767424822106986,0.2906406654984959,0.2689175635272831,0.2784362578905742,0.2421751,0.20898438
low_amplitude,37.525000000000006,-117.55833330000002,2022-03-06,0.2076240653357798,0.2972342257217604,0.3015531704278182,0.3005396612688779,0.3039772568485795,0.2933025176728421,0.302224107799147,0.274993104132837,0.2940686689202512,0.2625284,0.21972656
low_amplitude,37.525000000000006,-117.55833330000002,2022-03-14,0.2854011402287053,0.3095059162647108,0.3154911263824779,0.3162185592865114,0.3193015172133736,0.3105345253953398,0.312496063462159,0.2829801916955207,0.3127718367519669,0.27934766,0.22851562
low_amplitude,37.525000000000006,-117.55833330000002,2022-03-22,0.30381203266789,0.3191504469358708,0.3286040876222553,0.3307142969056548,0.3336077054994335,0.3249535636255783,0.3285255771775558,0.3025500366753385,0.3262352356066939,0.29576144,0.25195312
low_amplitude,37.525000000000006,-117.55833330000002,2022-03-30,0.30381203266789,0.3281233346295482,0.3393723901739706,0.3427815263054738,0.3458737276729492,0.3353617012762504,0.3393620648039218,0.3435852012986337,0.3347474357340679,0.30745292,0.265625
low_amplitude,37.525000000000006,-117.55833330000002,2022-04-07,0.3076240653357799,0.3358372798238305,0.3469822114201749,0.3521035949644022,0.3565486550103277,0.340804323782043,0.3519218308192143,0.3420974972439814,0.3374941049045863,0.3219924,0.28320312
low_amplitude,37.525000000000006,-117.55833330000002,2022-04-15,0.2123491773054076,0.3468770290628664,0.3565929670767788,0.3615556362768384,0.3654704097780685,0.3515887141540622,0.364535293462802,0.3565414555054781,0.3415860027959047,0.33030057,0.3046875
low_amplitude,37.525000000000006,-117.55833330000002,2022-04-23,0.3844880609269675,0.3576931011511858,0.3659337578189848,0.370382228294653,0.3714896065922378,0.3598798451820544,0.3737178402649428,0.361561653239166,0.3503724470958557,0.34706947,0.32617188
low_amplitude,37.525000000000006,-117.55833330000002,2022-05-01,0.3844880609269675,0.3680897139013478,0.3732717560545865,0.3770564393012832,0.374779659925205,0.3646945722918926,0.3764785713816246,0.3698741324456374,0.3607372380973359,0.35396686,0.33398438
low_amplitude,37.525000000000006,-117.55833330000002,2022-05-09,0.3844880609269675,0.3742880641179364,0.3779953658897795,0.3814648313474224,0.3764185242979465,0.3698120985224798,0.3799038658940471,0.3685846715260912,0.3654945464319212,0.3464405,0.27539062
low_amplitude,37.525000000000006,-117.55833330000002,2022-05-17,0.3844880609269675,0.3777938682924938,0.3802499186720167,0.3836652876578775,0.3788459270676301,0.3787673931027255,0.3805605265008665,0.3773186261546579,0.3679483788388621,0.35357803,0.28710938
low_amplitude,37.525000000000006,-117.55833330000002,2022-05-25,0.3806760282590776,0.3792103020853903,0.379253014777893,0.3828741385181667,0.380589762115834,0.3847632578734132,0.3843546648700225,0.3796246634589321,0.3716504332854966,0.3633026,0.30078125
low_amplitude,37.525000000000006,-117.55833330000002,2022-06-02,0.3797629489573398,0.3812744588071596,0.3805762850382987,0.3839309248545327,0.3822326719638566,0.386817536109031,0.3852439403055049,0.3742722511592995,0.3746151088702123,0.35091332,0.30078125
low_amplitude,37.525000000000006,-117.55833330000002,2022-06-10,0.3797629489573398,0.3826370313303252,0.3802628312646291,0.3832587879527426,0.3830388740348458,0.3831103284180084,0.3855824430976302,0.3746918476224377,0.373156387656063,0.36788768,0.3203125
low_amplitude,37.525000000000006,-117.55833330000002,2022-06-18,0.2114360980036697,0.3842787651680917,0.381723059679464,0.3842790944509634,0.3850238382259671,0.3811593038828791,0.3867956152778567,0.3757449854462615,0.3655585975343019,0.37499022,0.359375
low_amplitude,37.525000000000006,-117.55833330000002,2022-06-26,0.2114360980036697,0.3868343295354886,0.3833861733836869,0.3857324549659024,0.3875968781057702,0.3827975332100822,0.3891664754744254,0.3822432707233073,0.3559233945102734,0.3800798,0.390625
low_amplitude,37.525000000000006,-117.55833330000002,2022-07-04,0.2114360980036697,0.3890107246761032,0.3856455713281794,0.3875803669217741,0.389705817298093,0.3878744870868329,0.3934252319755743,0.3843693055159079,0.3524661786296138,0.35726476,0.3828125
low_amplitude,37.525000000000006,-117.55833330000002,2022-07-12,0.3613520565181551,0.3902806275910856,0.3885005243865826,0.3901289928286598,0.3921454270542353,0.3888776238353141,0.3937991561966143,0.3683988951611876,0.3514449897389308,0.36306706,0.37304688
low_amplitude,37.525000000000006,-117.55833330000002,2022-07-20,0.3835749816252297,0.3901034734061018,0.3914051991586151,0.3919682728692515,0.3937114963921221,0.3903030188263624,0.3962216667636324,0.358796009045083,0.3511414190595492,0.3600758,0.34960938
low_amplitude,37.525000000000006,-117.55833330000002,2022-07-28,0.3835749816252297,0.3891927945839577,0.3927083361234358,0.3921418049426464,0.3926359174118631,0.391495681387722,0.3967766495237065,0.3613959597520368,0.3531123092475897,0.34545323,0.34570312
low_amplitude,37.525000000000006,-117.55833330000002,2022-08-05,0.3844880609269675,0.3868536866643046,0.3913503500402691,0.3900870092625159,0.3889006736363343,0.3893838962505793,0.3959160216980635,0.3469816118219259,0.3438363731983824,0.3639962,0.34765625
low_amplitude,37.525000000000006,-117.55833330000002,2022-08-13,0.3660771684877829,0.3717568666830466,0.3852475153766836,0.3835834843844609,0.3819986694430913,0.382301797846712,0.3893725595117102,0.3373441973419446,0.3290864443197599,0.3663314,0.3515625
low_amplitude,37.525000000000006,-117.55833330000002,2022-08-21,0.30381203266789,0.3546997552058409,0.3599994689453082,0.3595304525349573,0.3734111603103485,0.3595034748596817,0.3757742353190216,0.3325703875227672,0.3133393889135324,0.35094193,0.33398438
low_amplitude,37.525000000000006,-117.55833330000002,2022-08-29,0.2883000935948575,0.3448915709474374,0.3331529893737973,0.3412709881718815,0.3654487241489454,0.3462016228525642,0.3517709957437628,0.325650847220796,0.3070974990261886,0.34443384,0.31640625
low_amplitude,37.525000000000006,-117.55833330000002,2022-09-06,0.3844880609269675,0.3382108448439883,0.3279478738993332,0.3358788635464873,0.359124823077412,0.3397119513753264,0.3447230251575285,0.3257572220971835,0.3095270746050023,0.34448633,0.31835938
low_amplitude,37.525000000000006,-117.55833330000002,2022-09-14,0.3844880609269675,0.3332680972576675,0.335613978996396,0.3333329189429855,0.3541485591987915,0.335241207265407,0.3327670698481447,0.3320600185802974,0.2950973517745753,0.3309142,0.29882812
low_amplitude,37.525000000000006,-117.55833330000002,2022-09-22,0.3076240653357799,0.3300815093070349,0.3341652284416609,0.3284218295527598,0.3472833641265653,0.3337691952278057,0.3245785104346924,0.3278385371011314,0.2848481271084006,0.3135353,0.27734375
low_amplitude,37.525000000000006,-117.55833330000002,2022-09-30,0.3844880609269675,0.3283240795802701,0.3255593029883071,0.3256912748592503,0.3351372479587649,0.3247917916547447,0.3254093381604451,0.3139278364188068,0.2891118830888581,0.30611718,0.26171875
low_amplitude,37.525000000000006,-117.55833330000002,2022-10-08,0.2844880609269675,0.3249651590867037,0.3231533271254903,0.3255793186828665,0.3228869843226813,0.3190885887963982,0.3215444510142802,0.3107578115232696,0.3056344846589615,0.2902746,0.24023438
low_amplitude,37.525000000000006,-117.55833330000002,2022-10-24,0.1825021868625531,0.3205038936194488,0.3246057233120193,0.321726967806032,0.3126622337113505,0.2953779640930703,0.309960820551988,0.307815485683214,0.3167265917011923,0.28312543,0.22558594
low_amplitude,37.525000000000006,-117.55833330000002,2022-11-01,0.2806760282590776,0.3111002098487448,0.3115416605786919,0.3046189586049409,0.3000059642944397,0.2742139190387825,0.2985694912867787,0.302526361141375,0.3058170552041976,0.27131236,0.21972656
low_amplitude,37.525000000000006,-117.55833330000002,2022-11-09,0.2815891075608154,0.2971194471207619,0.2963300384762302,0.2830618674028484,0.2888050075694932,0.2756133006829651,0.2899023427394906,0.2949779967735252,0.2821130962526713,0.26238072,0.2265625
low_amplitude,37.525000000000006,-117.55833330000002,2022-11-17,0.2,0.282859099714486,0.2778567989687946,0.2571432011229134,0.2725742079386566,0.2546232463460721,0.286416248496826,0.2788774768683001,0.2594719641390839,0.24637632,0.23242188
low_amplitude,37.525000000000006,-117.55833330000002,2022-11-25,0.2038120326678899,0.2731856744713328,0.2604782603683828,0.2341649368065921,0.261797414592892,0.2286278453969244,0.2642873693480993,0.2629364453309522,0.2407047102543923,0.23021072,0.23046875
low_amplitude,37.525000000000006,-117.55833330000002,2022-12-03,0.2038120326678899,0.2675080851163649,0.2455086611766332,0.2167585385232124,0.2550113767710061,0.2254712104275154,0.262366368354809,0.2370322514048068,0.2298034280476997,0.21343379,0.20410156
low_amplitude,37.525000000000006,-117.55833330000002,2022-12-11,0.2038120326678899,0.2593088240095818,0.2375194002212877,0.2246009745980798,0.2500169082536206,0.2294841572649274,0.2505187941506304,0.217599431664022,0.2173368871228695,0.20414792,0.19238281
low_amplitude,37.525000000000006,-117.55833330000002,2022-12-19,0.1222229251070746,0.2457039494397666,0.2264749469412273,0.2487364800468459,0.2476571025534595,0.2389981507976567,0.2402184496000354,0.2093128205414216,0.2132297875153287,0.19790381,0.18261719
low_amplitude,37.525000000000006,-117.55833330000002,2022-12-27,0.1806760282590775,0.2160361036627675,0.2047412542789713,0.2312394701732312,0.227298777405956,0.2282356342164015,0.2309672825994493,0.1900453469237326,0.1939703459316576,0.19357155,0.17285156
high_amplitude_deciduous,36.23333333333333,-84.47499996666667,2022-01-01,0.5,0.4773296078767325,0.5195412758020472,0.4624105456638994,0.5132544704475482,0.4841588052785157,0.5308312722725026,0.5177261602978679,0.5094889999607732,0.5637827,0.46289062
high_amplitude_deciduous,36.23333333333333,-84.47499996666667,2022-01-09,0.5047395991534847,0.4816627691803471,0.523154631303116,0.4630680019046488,0.5114831492967353,0.4831057203729937,0.5181782351209826,0.5283344582357855,0.4644042021535023,0.5402875,0.42773438
high_amplitude_deciduous,36.23333333333333,-84.47499996666667,2022-01-17,0.6000000000000001,0.4890173868747978,0.5273011962080895,0.4682714875957254,0.5109805487040956,0.491200235180771,0.5199486761462319,0.5490566000264675,0.4331030241158732,0.5597534,0.5078125
high_amplitude_deciduous,36.23333333333333,-84.47499996666667,2022-01-25,0.6000000000000001,0.5049423348150155,0.5238614503640133,0.478348411891555,0.5123897666397267,0.4984583324384213,0.526798566277931,0.5562249420284034,0.4926800296746728,0.5582144,0.47265625
high_amplitude_deciduous,36.23333333333333,-84.47499996666667,2022-02-02,0.6047395991534849,0.5276662233959767,0.528489874235846,0.4961174918146217,0.5133668038069733,0.5070182429754334,0.54347608513959,0.5661229965292816,0.5395511015597214,0.56968236,0.5390625
high_amplitude_deciduous,36.23333333333333,-84.47499996666667,2022-02-10,0.6047395991534849,0.5574551879193335,0.532119521839013,0.5186416799052183,0.517158081580296,0.516781055347226,0.5675480767149682,0.5900911462834157,0.5692547700800964,0.5988991,0.57421875
high_amplitude_deciduous,36.23333333333333,-84.47499996666667,2022-02-18,0.624260492663151,0.5890939318979052,0.5554137073372089,0.556281452467811,0.5371176571225657,0.5466958387094757,0.608703647749499,0.6465250856653727,0.5384708058802886,0.6280625,0.62890625
high_amplitude_deciduous,36.23333333333333,-84.47499996666667,2022-02-26,0.7047395991534848,0.6293668250047727,0.5890855511467058,0.6048433192361311,0.5578980573237284,0.559373030418128,0.7038980287008082,0.6771479279571326,0.5407204215693363,0.6680013,0.69140625
high_amplitude_deciduous,36.23333333333333,-84.47499996666667,2022-03-06,0.724260492663151,0.7008405311681456,0.661584760058357,0.674059073045443,0.6093676340329713,0.6141720634591641,0.8660573694619517,0.7145640551064488,0.599854154545247,0.6851311,0.84765625
high_amplitude_deciduous,36.23333333333333,-84.47499996666667,2022-03-14,0.8047395991534847,0.8086575751598601,0.7560847414983876,0.7853144155636403,0.702663192976831,0.7010301884479132,1.0293632986905692,0.8153664153146979,0.6834296347880158,0.7720567,0.7890625
high_amplitude_deciduous,36.23333333333333,-84.47499996666667,2022-03-22,0.9,0.9548905940069896,0.8951511521401956,0.9764657182545003,0.8830302193460394,0.8802022781186911,1.200536885473378,0.9501670584431594,0.862544849614223,0.85957646,0.87109375
high_amplitude_deciduous,36.23333333333333,-84.47499996666667,2022-03-30,0.9047395991534848,1.1082459018477304,1.0478779720951932,1.2179992807542466,1.1014196479769984,1.1010756557900796,1.2987064037629492,1.077026002025221,1.1545344635418344,1.0018796,1.0
high_amplitude_deciduous,36.23333333333333,-84.47499996666667,2022-04-07,1.1751578811129035,1.2409992696140733,1.190639501902922,1.44160069562235,1.3172267490878715,1.346348891367607,1.4943846029523025,1.3357497412656243,1.4763882103516452,1.2553141,1.21875
high_amplitude_deciduous,36.23333333333333,-84.47499996666667,2022-04-15,1.7508782591215335,1.5081519573006337,1.5076261507306357,1.6676091952316678,1.5351993502519432,1.5478172214976138,1.672268306148149,1.5725891102574037,1.9223775572599613,1.87348,1.6953125
high_amplitude_deciduous,36.23333333333333,-84.47499996666667,2022-04-23,2.1556369876032373,1.986868602081256,2.0523857748974303,1.9922875156175583,2.032396519565324,1.9312063321083373,1.9945442357958307,2.55149703614325,2.546218102606142,2.5510166,2.453125
high_amplitude_deciduous,36.23333333333333,-84.47499996666667,2022-05-01,4.043718075953359,2.774841811540153,2.890254984570537,2.6056045401138,2.890135600427431,2.682415171227647,2.920276106659207,3.247651374548727,3.286794003946364,3.399618,3.375
high_amplitude_deciduous,36.23333333333333,-84.47499996666667,2022-05-09,4.857406712939722,3.751231832239063,3.8076875451866754,3.57274674902483,3.8892696303556016,3.4924999512441985,3.7955319550036624,4.00075899383116,4.09468046079982,4.3875875,4.59375
high_amplitude_deciduous,36.23333333333333,-84.47499996666667,2022-05-17,4.838454238560585,4.510727464264262,4.580985423649214,4.527507899141816,4.648685464329707,4.502664418834967,4.56907266988835,4.601249219799496,4.868466791485881,4.7960706,4.84375
high_amplitude_deciduous,36.23333333333333,-84.47499996666667,2022-05-25,5.216556941927468,4.857445615195207,4.941883844726205,4.958425198384014,5.002623304816627,4.980369036567605,4.9248349128767375,5.1143987199694,5.269733975497657,5.062265,5.0625
high_amplitude_deciduous,36.23333333333333,-84.47499996666667,2022-06-02,4.999980870671782,4.996829027506652,5.064889880551501,5.081797992310805,5.081051958766466,5.079127417534216,5.1056078531558455,5.304889337469506,5.277559762171433,5.1939073,5.21875
high_amplitude_deciduous,36.23333333333333,-84.47499996666667,2022-06-10,5.180479106490335,5.049473210013808,5.084241377341929,5.082753691322722,5.0484010997273545,5.092221495384793,5.136010910622395,5.239485685397163,5.134969559000922,5.244171,5.375
high_amplitude_deciduous,36.23333333333333,-84.47499996666667,2022-06-18,5.195260400846516,5.039553529929076,5.054249514538659,5.041774106284206,5.020445495427866,5.064145411674831,5.051200916053362,5.166104064012804,4.93939081925102,5.2213254,5.34375
high_amplitude_deciduous,36.23333333333333,-84.47499996666667,2022-06-26,5.376340262889015,5.037057884997824,4.991929427169523,4.997009590155597,4.933954421915801,5.001615032971048,5.060614895547636,5.054356540478439,4.776156026464779,5.127969,5.0625
high_amplitude_deciduous,36.23333333333333,-84.47499996666667,2022-07-04,5.283980503405239,5.000342958156561,4.910272863819577,4.946875760455776,4.879053049830072,4.90246423335318,5.068566536638934,4.863813626993566,4.578887105661155,5.039954,4.90625
high_amplitude_deciduous,36.23333333333333,-84.47499996666667,2022-07-12,5.13960428391506,4.93160522987832,4.808215537540709,4.857958200323406,4.811762013278123,4.779693836478759,5.086330834546438,4.607424813479011,4.480984416844716,4.8943033,4.8125
high_amplitude_deciduous,36.23333333333333,-84.47499996666667,2022-07-20,5.201042554243779,4.87100627694453,4.725544443674511,4.746416484505183,4.74347835155728,4.696166556464359,5.089913610573761,4.470721983642539,4.436222165513416,4.6917763,4.53125
high_amplitude_deciduous,36.23333333333333,-84.47499996666667,2022-07-28,4.154456173349313,4.816903511236801,4.656670589309111,4.650924190829791,4.665770383535551,4.609670788949288,5.0417353025260265,4.394349704120128,4.453785481739529,4.485763,4.1875
high_amplitude_deciduous,36.23333333333333,-84.47499996666667,2022-08-05,4.310041695202697,4.76272094747798,4.597607201225182,4.648810011876119,4.61170204051653,4.59493725231566,4.997116613424121,4.413358771942324,4.43894448270684,4.4269285,4.25
high_amplitude_deciduous,36.23333333333333,-84.47499996666667,2022-08-13,4.046182840859289,4.72113458431762,4.562144008518716,4.6516054471326544,4.560367797781439,4.589985705011937,4.90745959135162,4.557472094094585,4.4634915111332045,4.4416733,4.4375
high_amplitude_deciduous,36.23333333333333,-84.47499996666667,2022-08-21,4.026080321125677,4.678673571930571,4.546719201709146,4.636262628908915,4.53850125418067,4.5816297537951,4.807098051891869,4.576458331815285,4.486139808302463,4.476146,4.5625
high_amplitude_deciduous,36.23333333333333,-84.47499996666667,2022-08-29,4.968061008164186,4.618322149421937,4.517233978296936,4.612998211213112,4.50557470069837,4.5713304853339904,4.657720481314671,4.550160708715912,4.4834750513892825,4.5621195,4.4375
high_amplitude_deciduous,36.23333333333333,-84.47499996666667,2022-09-06,5.043800515501036,4.549809420354427,4.480539705068897,4.576428172597951,4.4683903735565575,4.522689035656382,4.496673306332295,4.605526180071979,4.447264113470601,4.712205,4.6875
high_amplitude_deciduous,36.23333333333333,-84.47499996666667,2022-09-14,5.097118487965478,4.46181845641534,4.45028403929672,4.508876775345964,4.429530287341786,4.443515286962805,4.28206724412376,4.613671355294364,4.480828600222943,4.7732644,4.75
high_amplitude_deciduous,36.23333333333333,-84.47499996666667,2022-09-22,4.736722771880538,4.330497776599655,4.3242791614179845,4.378937697081562,4.314360733067387,4.3123701628595255,3.9659852861419695,4.492982364697392,4.30274402421722,4.6496983,5.09375
high_amplitude_deciduous,36.23333333333333,-84.47499996666667,2022-09-30,3.988163527897799,4.0378304444098445,4.044064080401133,4.01348139908624,4.045305800662852,3.821808983828388,3.703075429538688,4.177974902005018,3.9639965170322142,4.3641224,4.65625
high_amplitude_deciduous,36.23333333333333,-84.47499996666667,2022-10-08,3.149121740878466,3.5580961397776325,3.4934612830597227,3.3795384559835813,3.4057748034489257,3.052560934692219,3.299294474604753,3.893733359817156,3.493778101964706,3.8060887,4.28125
high_amplitude_deciduous,36.23333333333333,-84.47499996666667,2022-10-24,1.8508591297933157,3.188487213790122,2.8460936478281336,2.8011768895353795,2.5856118425128227,2.434006654575987,2.950869584181013,2.7425481349058733,2.8556344872743047,2.958667,3.21875
high_amplitude_deciduous,36.23333333333333,-84.47499996666667,2022-11-01,0.919520893509666,2.6008928563636573,1.968187565386779,2.3165672369149,1.7871109231132158,1.813782404657169,2.0797815411051306,2.1806014107468585,2.169468752830638,2.1877704,2.203125
high_amplitude_deciduous,36.23333333333333,-84.47499996666667,2022-11-09,0.8242796219913695,1.7224956247411622,1.193474679718237,1.6637400850210105,1.2031440129760098,1.226175921056274,1.4346725036530157,1.4505484872795835,1.4815740657738403,1.4803729,1.5234375
high_amplitude_deciduous,36.23333333333333,-84.47499996666667,2022-11-17,0.6047395991534849,0.999452563905912,0.828042321138243,1.091629757075368,0.9034765141041136,0.8399508894130925,0.981715882382756,1.0181983713661134,1.1075775432644608,1.0069126,1.078125
high_amplitude_deciduous,36.23333333333333,-84.47499996666667,2022-11-25,0.6000000000000001,0.6583979036262015,0.6522879154974156,0.7489943717252135,0.7114243735614628,0.6624230503200997,0.7569006178957791,0.5626710298379688,0.8940297742559101,0.6835656,0.71484375
high_amplitude_deciduous,36.23333333333333,-84.47499996666667,2022-12-03,0.5047395991534847,0.5442454126738437,0.5828763141918726,0.5825862345853062,0.5974173282480647,0.5687438153055789,0.6742627341008437,0.5419666559345035,0.763052743871927,0.58073497,0.5390625
high_amplitude_deciduous,36.23333333333333,-84.47499996666667,2022-12-11,0.5047395991534847,0.5140349266805941,0.5571807843269709,0.509559967369522,0.5355889376937532,0.5166308570302233,0.5818656660072721,0.5363229973457793,0.6884710590356521,0.5442145,0.484375
high_amplitude_deciduous,36.23333333333333,-84.47499996666667,2022-12-19,0.5390609163475509,0.5099211513424485,0.5376662002696216,0.4764089378622435,0.5151853094671642,0.4965863787085918,0.5533622911153894,0.5285956014817735,0.648141229224825,0.5388293,0.5078125
high_amplitude_deciduous,36.23333333333333,-84.47499996666667,2022-12-27,0.5047395991534847,0.507985290717534,0.5215484119288483,0.4733728909453987,0.5074155365443969,0.499446444519009,0.5504324215686115,0.529940428006318,0.5553439126728357,0.55051804,0.5078125
evergreen,30.525,-82.43333330000002,2022-01-01,1.589106267855453,2.779009921919049,2.7894186937822743,2.709976177057487,2.5216911665002577,2.65224788956233,2.802671917346485,2.082634504009825,2.2043502446417618,1.9183012,1.9921875
evergreen,30.525,-82.43333330000002,2022-01-09,2.1898508537116306,2.736166225924016,2.7092543235971838,2.6141442005317823,2.454817238816833,2.447640771309438,2.7163192088792627,2.2337386544555606,2.4913434022175647,1.9782851,2.015625
evergreen,30.525,-82.43333330000002,2022-01-17,2.476888064172339,2.733562839565425,2.690134082757969,2.58844568031822,2.462840045569328,2.3662266205311617,2.7151159706046584,2.3932781526373272,2.728407379519849,2.077096,2.09375
evergreen,30.525,-82.43333330000002,2022-01-25,2.5722287391152387,2.771937727106167,2.7338951994558065,2.6394845537360063,2.553759271525043,2.3922616775098504,2.7225533436094858,2.778262524308084,2.8470141359518566,2.1626158,2.1875
evergreen,30.525,-82.43333330000002,2022-02-02,2.871831626770803,2.80486045053849,2.783786774885745,2.7320760213304904,2.7249179022371512,2.541193889726788,2.825042661781487,3.0543459083664315,2.9342743660293094,2.269442,2.265625
evergreen,30.525,-82.43333330000002,2022-02-10,3.0547416751439957,2.8618516688153464,2.8674424156608227,2.8686237253430185,2.864924804408592,2.9785623504476884,2.985012041749546,3.20779404856114,3.0153365659015328,2.4057229,2.328125
evergreen,30.525,-82.43333330000002,2022-02-18,3.261459104893868,2.945286830273555,2.978449574829588,3.0022198706521843,2.977294370614545,3.438440287514747,3.184939941482894,3.6072055849969606,3.0497907855317465,2.6048217,2.3125
evergreen,30.525,-82.43333330000002,2022-02-26,3.366341805539534,3.035231352672828,3.084137334837169,3.0848053364480887,3.0700811071033334,3.5509436628866213,3.146593993717167,3.207223369569121,3.010544838147028,2.794773,2.359375
evergreen,30.525,-82.43333330000002,2022-03-06,3.5689817120345846,3.157283809581056,3.2031458942753632,3.1317338667691184,3.151218689103886,3.421125202435635,3.118145896528957,3.2252022561616425,3.093194316023516,3.0226703,2.453125
evergreen,30.525,-82.43333330000002,2022-03-14,3.488178908661322,3.400164153226892,3.392854324075869,3.31841495742447,3.3421226001258995,3.5450312966858206,3.2825394818960003,3.6705495562770594,3.3207636432126817,3.3074613,2.5625
evergreen,30.525,-82.43333330000002,2022-03-22,3.961459104893868,3.632350951656389,3.528925864367527,3.473247676501416,3.4627350794659706,3.5160111168317165,3.3891421266467194,3.860700354616622,3.5747828120149605,3.5555387,2.78125
evergreen,30.525,-82.43333330000002,2022-03-30,4.350912846261063,3.7355970300276296,3.6102654280967945,3.619678910378051,3.522704558609733,3.536120531114881,3.621153496336948,3.607693414427696,3.768023033725026,3.8209946,3.046875
evergreen,30.525,-82.43333330000002,2022-04-07,4.495688148454641,3.7899689003174073,3.6840542465067423,3.742977567701113,3.6158612468616034,3.5457913387152167,3.737099511542856,3.5182518645574143,3.8580253162174696,4.1167674,3.515625
evergreen,30.525,-82.43333330000002,2022-04-15,5.131889386390196,3.840199697646237,3.790999394986508,3.8581474300750394,3.8128441515519023,3.61914039188421,3.907312825995831,3.814787106604931,4.087788739996137,4.307948,4.0
evergreen,30.525,-82.43333330000002,2022-04-23,5.096085260799078,3.928966043019372,4.000214277365994,4.023278979704971,4.251534443955331,3.963351567656849,4.147226842702602,4.417424985883201,4.660887385357178,4.514946,4.46875
evergreen,30.525,-82.43333330000002,2022-05-01,5.233958443784941,4.1060840297731565,4.224864203667286,4.203866457630431,4.624467003863746,4.4479776367590045,4.456821870682229,4.8231598728213205,4.961214030535002,4.6073585,4.8125
evergreen,30.525,-82.43333330000002,2022-05-09,4.562436102920693,4.321304362990606,4.412487627099811,4.380095068411839,4.790693193024926,4.689415317702919,4.623421293436647,4.891909969563443,5.1556159322914565,4.9111547,5.09375
evergreen,30.525,-82.43333330000002,2022-05-17,5.292093647862245,4.5189549709436285,4.568345619752426,4.533161118645971,4.842094410326795,4.7965238118200135,4.711977004983384,4.9730669217465255,5.367056774213781,5.0042624,5.125
evergreen,30.525,-82.43333330000002,2022-05-25,5.356636995782868,4.682877613683232,4.695031722493255,4.660347551311548,4.89724586445281,4.887732733874078,4.747518330532295,5.05363874832465,5.486117686295988,5.069297,5.09375
evergreen,30.525,-82.43333330000002,2022-06-02,5.385152842523807,4.786649381575884,4.791165478219248,4.74473175838134,5.001127126133406,4.945260829729696,4.809814627256925,5.041701159718379,5.34445605495174,5.053238,5.15625
evergreen,30.525,-82.43333330000002,2022-06-10,5.139806691229922,4.842043989481666,4.834776824122676,4.802940983168504,5.032876446110729,4.946083375706161,4.853467145211406,4.964830154030109,5.179318312787062,5.000719,5.125
evergreen,30.525,-82.43333330000002,2022-06-18,5.30109205936792,4.847311028534445,4.8296449368027,4.818722110997708,4.983586638992191,4.885621025342551,4.863412880674387,4.905215787091111,4.991202271916578,4.941205,5.0625
evergreen,30.525,-82.43333330000002,2022-06-26,4.619213478827981,4.77950066045072,4.768329608946629,4.789654344606337,4.851682127954536,4.799468508514867,4.863978847202263,4.90947335693598,4.792547178312768,4.8471394,5.0625
evergreen,30.525,-82.43333330000002,2022-07-04,4.647345580571882,4.687695042004589,4.704468774281998,4.740090952192035,4.714024568652762,4.716183117851067,4.775732224386618,4.782409781033175,4.749096964408794,4.7648973,4.84375
evergreen,30.525,-82.43333330000002,2022-07-12,5.111715191736634,4.583644318548645,4.648424960701648,4.672865346572536,4.665767941337089,4.643046637771747,4.736436783487013,4.622957409323513,4.585108791735779,4.7077203,4.75
evergreen,30.525,-82.43333330000002,2022-07-20,4.994189940160204,4.537062319657308,4.624855154866785,4.633583331341753,4.696252264963229,4.61944938390285,4.73984839510866,4.343154248141774,4.524862521512625,4.648394,4.46875
evergreen,30.525,-82.43333330000002,2022-07-28,4.95614302041847,4.514176924584148,4.612598414277327,4.615047256270373,4.717987229392483,4.605127477100447,4.755529874640389,4.371052985928174,4.412233738481014,4.545618,4.4375
evergreen,30.525,-82.43333330000002,2022-08-05,4.6774092744399525,4.504683484986354,4.600589899386969,4.616142492498012,4.710222120894312,4.624595591936236,4.764667981536706,4.580692834800228,4.500704580197088,4.387046,4.15625
evergreen,30.525,-82.43333330000002,2022-08-13,4.6747330964596046,4.48932959177387,4.580864906754394,4.612227269121461,4.685495320755232,4.611554792287602,4.767825997191724,4.6929493381280665,4.658656899911722,4.195842,4.0
evergreen,30.525,-82.43333330000002,2022-08-21,4.716131151921116,4.457503596310166,4.544631413390684,4.593127315959577,4.636388699429058,4.578691738494484,4.74811144674601,4.516599427349262,4.943482923068547,3.9889522,3.921875
evergreen,30.525,-82.43333330000002,2022-08-29,3.2976197405788112,4.40471505989674,4.47929047332553,4.537457034320661,4.535965293340492,4.505650133141503,4.7051531850437,4.493590545076743,4.90689555835938,3.8464224,3.890625
evergreen,30.525,-82.43333330000002,2022-09-06,4.177409274439952,4.343842182415386,4.3901347835565705,4.445583094137638,4.375608508239884,4.373506645198826,4.648331577716289,4.496843318764221,4.587925742866195,3.698726,3.796875
evergreen,30.525,-82.43333330000002,2022-09-14,3.785055979503845,4.285813159938628,4.304150236763253,4.354428173107056,4.231467842638297,4.210738609977873,4.5529165427945415,4.314555650622581,4.238819403616839,3.630422,3.8125
evergreen,30.525,-82.43333330000002,2022-09-22,3.470680891988107,4.230754193753384,4.228636518257937,4.2784961704309,4.151432060525697,4.097181319603509,4.344643247321738,4.157517215295812,3.764432682282287,3.566423,3.703125
evergreen,30.525,-82.43333330000002,2022-09-30,2.3333713124833904,4.171329498415579,4.161592606689823,4.219071773441291,4.108320447850625,4.019607208456383,4.235486891187068,3.992453409729026,3.393017463958889,3.4787579,3.609375
evergreen,30.525,-82.43333330000002,2022-10-08,3.4500823500868947,4.108982184149428,4.0557753635651626,4.123421043444677,3.9313313475175273,3.871535507023856,4.227130158216163,3.917842396757672,3.354688907296832,3.3384314,3.484375
evergreen,30.525,-82.43333330000002,2022-10-24,3.5239830342524416,4.025057731649724,3.8383299495016927,3.923944544531928,3.5714087082194577,3.629914938635773,4.12786046460166,3.484186051354774,3.4011114473112616,3.104999,3.234375
evergreen,30.525,-82.43333330000002,2022-11-01,3.423983034252441,3.691973451848164,3.382246255617693,3.5675658342804453,3.173014069042837,3.26172193816955,3.830250680353099,3.2114363269478505,3.321659341481151,2.8992667,3.046875
evergreen,30.525,-82.43333330000002,2022-11-09,3.085539002166272,3.1871441379551912,2.979717703836829,3.155957651849686,2.8567011347331177,2.901847332931042,3.2273793756723017,3.062227847880789,3.276980546074169,2.7000034,2.765625
evergreen,30.525,-82.43333330000002,2022-11-17,2.837282344601503,2.852876161685867,2.7637004825877733,2.832633982455468,2.5895118275967466,2.562331113545288,2.7624835202961515,2.8364028786288022,3.007389739622301,2.5464983,2.4375
evergreen,30.525,-82.43333330000002,2022-11-25,1.8185022496032544,2.66743963053027,2.6227757121912347,2.606430855445624,2.374152986229288,2.3449672231263854,2.6075147544418145,2.535304086855748,2.668331236294175,2.4073336,2.40625
evergreen,30.525,-82.43333330000002,2022-12-03,2.2309710637781475,2.57350664027232,2.5348177412552526,2.463236774083004,2.2741900805813,2.223632741151912,2.587739937660502,2.388388519041671,2.4951263009861413,2.2991147,2.28125
evergreen,30.525,-82.43333330000002,2022-12-11,2.433213857928763,2.556599695525382,2.51612309411768,2.411051124786713,2.275414352403725,2.213825588425989,2.545882580801556,2.3110483690149946,2.3164145569289314,2.240501,2.15625
evergreen,30.525,-82.43333330000002,2022-12-19,1.1136558204428857,2.5737733635595745,2.5369913570374565,2.4137759388610887,2.3325146169462307,2.303061459272633,2.5642581445434702,2.2436228518914376,2.0198794710000887,2.2095623,2.078125
evergreen,30.525,-82.43333330000002,2022-12-27,1.7678400138339712,2.630860500781455,2.615068781591291,2.487210319614148,2.4305104383507192,2.453204219294977,2.604821714450316,2.2557815016899547,1.810295888425203,2.1739135,2.03125
