pixel_id,lat,lon,region,dominant_pft,pft_purity,pft_entropy,TREES-NE,TREES-BD,TREES-BE,TREES-ND,SHRUBS-NE,SHRUBS-BE,SHRUBS-BD,SHRUBS-ND,GRASS-NAT,GRASS-MAN
g000_grass_nat,75.99861111111,-115.99861111110599,Other,GRASS-NAT,1.0,2.486791900433569e-10,0.0,0.0,0.0,0.0,0.0,0.0,0.0,0.0,100.0,0.0
g001_grass_nat,69.99861111110951,158.00138888891593,Siberia / Boreal Eurasia,GRASS-NAT,0.6,0.6730116672303046,0.0,0.0,0.0,0.0,0.0,0.0,0.0,40.0,60.0,0.0
g002_grass_man,68.99861111110945,18.001388888904728,Other,GRASS-MAN,1.0,2.486791900433569e-10,0.0,0.0,0.0,0.0,0.0,0.0,0.0,0.0,0.0,100.0
g003_grass_nat,67.99861111110937,54.0013888889076,Siberia / Boreal Eurasia,GRASS-NAT,0.5348837209302325,0.690711454578558,0.0,0.0,0.0,0.0,40.0,0.0,0.0,0.0,46.0,0.0
g004_grass_nat,67.99861111110937,122.00138888891303,Siberia / Boreal Eurasia,GRASS-NAT,0.55,0.6881388139346366,0.0,0.0,0.0,45.0,0.0,0.0,0.0,0.0,55.0,0.0
g005_trees_ne,65.9986111111092,86.00138888891018,Siberia / Boreal Eurasia,TREES-NE,0.51,0.6929471674455263,51.0,0.0,0.0,0.0,0.0,0.0,0.0,0.0,49.0,0.0
g006_grass_nat,63.99861111110906,143.00138888891473,Siberia / Boreal Eurasia,GRASS-NAT,0.78,0.5269079616524284,0.0,0.0,0.0,22.0,0.0,0.0,0.0,0.0,78.0,0.0
g007_grass_nat,62.99861111110897,-119.99861111110631,Canada,GRASS-NAT,0.7407407407407408,0.5722806990228952,21.0,0.0,0.0,0.0,0.0,0.0,0.0,0.0,60.0,0.0
g008_shrubs_nd,62.99861111110897,171.00138888891695,Siberia / Boreal Eurasia,SHRUBS-ND,0.7594936708860759,0.5516628610742923,0.0,0.0,0.0,0.0,0.0,0.0,0.0,60.0,19.0,0.0
g009_shrubs_ne,61.998611111108886,-98.99861111110464,Canada,SHRUBS-NE,0.6,0.9376369624658663,15.0,0.0,0.0,0.0,60.0,0.0,0.0,0.0,25.0,0.0
g010_trees_ne,59.998611111108715,6.001388888903762,Western Europe,TREES-NE,1.0,2.486791900433569e-10,49.0,0.0,0.0,0.0,0.0,0.0,0.0,0.0,0.0,0.0
g011_grass_nat,59.998611111108715,36.00138888890618,Eastern Europe,GRASS-NAT,0.51,0.6929471674455263,0.0,0.0,0.0,0.0,0.0,0.0,0.0,0.0,51.0,49.0
g012_trees_ne,58.99861111110866,64.0013888889084,Siberia / Boreal Eurasia,TREES-NE,0.75,0.5623351448398565,75.0,0.0,0.0,0.0,0.0,0.0,0.0,0.0,25.0,0.0
g013_trees_nd,58.99861111110866,107.00138888891183,Siberia / Boreal Eurasia,TREES-ND,0.67,0.6341786359332537,0.0,0.0,0.0,67.0,0.0,0.0,0.0,0.0,33.0,0.0
g014_trees_bd,56.99861111110849,132.00138888891382,Siberia / Boreal Eurasia,TREES-BD,0.75,0.5623351448398565,0.0,75.0,0.0,0.0,0.0,0.0,0.0,0.0,25.0,0.0
g015_trees_bd,53.99861111110823,44.0013888889068,Other,TREES-BD,0.74,0.5730569173524686,0.0,74.0,0.0,0.0,0.0,0.0,0.0,0.0,0.0,26.0
g016_grass_man,53.99861111110823,91.00138888891058,Other,GRASS-MAN,0.75,0.5623351448398565,0.0,25.0,0.0,0.0,0.0,0.0,0.0,0.0,0.0,75.0
g017_grass_nat,51.99861111110809,-73.99861111110263,Canada,GRASS-NAT,0.82,0.5341832642552571,2.0,0.0,0.0,0.0,16.0,0.0,0.0,0.0,82.0,0.0
g018_trees_ne,51.99861111110809,7.001388888903847,Western Europe,TREES-NE,0.78,0.5269079616524285,78.0,0.0,0.0,0.0,0.0,0.0,0.0,0.0,0.0,22.0
g019_grass_nat,50.998611111108005,-122.99861111110656,Canada,GRASS-NAT,0.56,0.9682499185084159,15.0,0.0,0.0,0.0,29.0,0.0,0.0,0.0,56.0,0.0
g020_shrubs_ne,47.99861111110778,-52.998611111100956,Canada,SHRUBS-NE,0.9,0.3250829736124964,0.0,0.0,0.0,0.0,90.0,0.0,0.0,0.0,10.0,0.0
g021_trees_bd,47.99861111110778,-3.998611111097034,Western Europe,TREES-BD,0.51,0.6929471674455263,0.0,51.0,0.0,0.0,0.0,0.0,0.0,0.0,49.0,0.0
g022_grass_nat,43.99861111110744,127.00138888891343,East Asia,GRASS-NAT,0.67,0.6341786359332537,0.0,33.0,0.0,0.0,0.0,0.0,0.0,0.0,67.0,0.0
g023_grass_man,30.998611111106413,120.00138888891286,East Asia,GRASS-MAN,0.72,0.5929533176685227,28.0,0.0,0.0,0.0,0.0,0.0,0.0,0.0,0.0,72.0
g024_trees_ne,25.998611111106,106.00138888891178,East Asia,TREES-NE,0.5,0.6931471807809935,50.0,0.0,0.0,0.0,0.0,0.0,0.0,0.0,0.0,50.0
g025_trees_be,22.99861111110576,-97.99861111110455,Other,TREES-BE,0.76,0.551079928308021,0.0,0.0,76.0,0.0,0.0,0.0,0.0,0.0,0.0,24.0
g026_grass_nat,22.99861111110576,91.00138888891058,South Asia,GRASS-NAT,0.72,0.5929533176685227,0.0,0.0,28.0,0.0,0.0,0.0,0.0,0.0,72.0,0.0
g027_trees_be,20.998611111105603,100.00138888891126,East Asia,TREES-BE,0.78,0.5269079616524285,0.0,0.0,78.0,0.0,0.0,0.0,0.0,0.0,22.0,0.0
g028_trees_be,18.998611111105447,-88.99861111110383,Other,TREES-BE,1.0,2.486791900433569e-10,0.0,0.0,100.0,0.0,0.0,0.0,0.0,0.0,0.0,0.0
g029_grass_man,11.998611111104893,-84.99861111110351,Other,GRASS-MAN,0.49,1.0416331096723945,0.0,0.0,29.0,0.0,0.0,0.0,0.0,0.0,22.0,49.0
g030_grass_man,10.998611111104807,125.00138888891325,Southeast Asia,GRASS-MAN,0.75,0.5623351448398565,0.0,0.0,25.0,0.0,0.0,0.0,0.0,0.0,0.0,75.0
g031_trees_bd,9.998611111104722,-9.998611111097517,Other,TREES-BD,0.49,0.7773233504218955,0.0,49.0,0.0,0.0,0.0,0.0,0.0,0.0,2.0,49.0
g032_shrubs_bd,9.998611111104722,32.001388888905836,East Africa / Sahel,SHRUBS-BD,0.68,0.8480511480068675,0.0,15.0,0.0,0.0,0.0,0.0,68.0,0.0,17.0,0.0
g033_trees_be,8.998611111104651,-67.99861111110215,Amazon / Tropical S. America,TREES-BE,0.56,0.685929800473421,0.0,0.0,56.0,0.0,0.0,0.0,0.0,0.0,44.0,0.0
g034_shrubs_bd,5.99861111110441,40.00138888890649,East Africa / Sahel,SHRUBS-BD,1.0,2.486791900433569e-10,0.0,0.0,0.0,0.0,0.0,0.0,100.0,0.0,0.0,0.0
g035_trees_be,4.998611111104324,-1.9986111110968636,Other,TREES-BE,0.51,0.6929471674455263,0.0,0.0,51.0,0.0,0.0,0.0,0.0,0.0,0.0,49.0
g036_trees_bd,0.9986111111040117,17.001388888904643,Other,TREES-BD,1.0,2.486791900433569e-10,0.0,100.0,0.0,0.0,0.0,0.0,0.0,0.0,0.0,0.0
g037_shrubs_be,-5.0013888888964715,-40.99861111109999,Other,SHRUBS-BE,1.0,2.486791900433569e-10,0.0,0.0,0.0,0.0,0.0,100.0,0.0,0.0,0.0,0.0
g038_grass_man,-9.001388888896798,31.00138888890575,Central/Southern Africa,GRASS-MAN,0.49,1.04399730759454,0.0,28.0,0.0,0.0,0.0,0.0,0.0,0.0,23.0,49.0
g039_shrubs_be,-13.001388888897111,-58.99861111110144,Amazon / Tropical S. America,SHRUBS-BE,0.74,0.5730569173524686,0.0,0.0,0.0,0.0,0.0,74.0,0.0,0.0,26.0,0.0
g040_grass_nat,-14.001388888897196,-50.998611111100786,Amazon / Tropical S. America,GRASS-NAT,0.73,0.6545528943149338,0.0,0.0,2.0,0.0,0.0,25.0,0.0,0.0,73.0,0.0
g041_shrubs_bd,-20.001388888897665,31.00138888890575,Central/Southern Africa,SHRUBS-BD,0.51,0.6929471674455263,0.0,0.0,0.0,0.0,0.0,0.0,51.0,0.0,49.0,0.0
g042_grass_nat,-24.001388888897992,148.00138888891513,Australia,GRASS-NAT,0.67,0.8615516846029199,0.0,15.0,0.0,0.0,0.0,0.0,18.0,0.0,67.0,0.0
g043_grass_nat,-38.001388888899115,-72.99861111110255,Southern S. America,GRASS-NAT,0.44,0.9893672810392419,0.0,0.0,13.0,0.0,0.0,43.0,0.0,0.0,44.0,0.0
g044_trees_nd,-41.00138888889935,175.0013888889173,Other,TREES-ND,0.9,0.3250829736124964,0.0,0.0,0.0,90.0,0.0,0.0,0.0,0.0,10.0,0.0
